-- phpMyAdmin SQL Dump
-- version 5.2.1
-- https://www.phpmyadmin.net/
--
-- Host: localhost:3306
-- Tempo de geração: 24/02/2026 às 18:47
-- Versão do servidor: 5.7.23-23
-- Versão do PHP: 8.1.34

SET SQL_MODE = "NO_AUTO_VALUE_ON_ZERO";
START TRANSACTION;
SET time_zone = "+00:00";


/*!40101 SET @OLD_CHARACTER_SET_CLIENT=@@CHARACTER_SET_CLIENT */;
/*!40101 SET @OLD_CHARACTER_SET_RESULTS=@@CHARACTER_SET_RESULTS */;
/*!40101 SET @OLD_COLLATION_CONNECTION=@@COLLATION_CONNECTION */;
/*!40101 SET NAMES utf8mb4 */;

--
-- Banco de dados: `tech4198_sistema_ods`
--

-- --------------------------------------------------------

--
-- Estrutura para tabela `logs_auditoria`
--

CREATE TABLE `logs_auditoria` (
  `id` int(11) NOT NULL,
  `id_usuario` int(11) DEFAULT NULL,
  `acao` varchar(20) DEFAULT NULL,
  `tabela_afetada` varchar(50) DEFAULT NULL,
  `id_registro` int(11) DEFAULT NULL,
  `detalhes` text,
  `data_hora` timestamp NOT NULL DEFAULT CURRENT_TIMESTAMP
) ENGINE=InnoDB DEFAULT CHARSET=utf8mb4;

--
-- Despejando dados para a tabela `logs_auditoria`
--

INSERT INTO `logs_auditoria` (`id`, `id_usuario`, `acao`, `tabela_afetada`, `id_registro`, `detalhes`, `data_hora`) VALUES
(1, 1, 'INSERT', 'projetos_ods', 1, 'Associou ODS ID 15', '2025-05-05 20:23:11'),
(2, 1, 'INSERT', 'projetos_ods', 1, 'Associou ODS ID 16', '2025-05-05 20:23:11'),
(3, 1, 'INSERT', 'projetos_ods', 1, 'Associou ODS ID 17', '2025-05-05 20:23:11'),
(4, 1, 'INSERT', 'projetos', 2, 'Projeto criado: Ilha do Cumbú', '2025-05-05 21:41:00'),
(5, 1, 'INSERT', 'projetos_ods', 2, 'Associou ODS ID 102', '2025-05-05 21:56:42'),
(6, 1, 'INSERT', 'projetos_ods', 2, 'Associou ODS ID 103', '2025-05-05 21:56:42'),
(7, 1, 'INSERT', 'projetos_ods', 2, 'Associou ODS ID 206', '2025-05-20 19:10:48'),
(8, 1, 'INSERT', 'projetos_ods', 2, 'Associou ODS ID 2', '2025-05-20 19:10:48'),
(9, 1, 'INSERT', 'projetos_ods', 2, 'Associou ODS ID 7', '2025-05-20 19:10:48'),
(10, 1, 'INSERT', 'projetos_ods', 2, 'Associou ODS ID 8', '2025-05-20 19:10:48'),
(11, 4, 'INSERT', 'projetos', 3, 'Projeto criado: Programa Castanheiras - Amapá', '2025-05-20 20:02:13'),
(12, 4, 'INSERT', 'projetos', 4, 'Projeto criado: Programa Castanheiras - Amapá', '2025-05-20 20:02:25'),
(13, 1, 'INSERT', 'projetos', 5, 'Projeto criado: Teste', '2025-05-22 18:13:28'),
(14, 6, 'INSERT', 'projetos', 6, 'Projeto criado: Teste', '2025-05-26 21:33:03'),
(15, 6, 'INSERT', 'projetos_ods', 6, 'Associou ODS ID 206', '2025-05-26 21:33:37'),
(16, 6, 'INSERT', 'projetos_ods', 6, 'Associou ODS ID 19', '2025-05-26 21:33:37'),
(17, 6, 'INSERT', 'projetos_ods', 6, 'Associou ODS ID 22', '2025-05-26 21:33:37'),
(18, 7, 'INSERT', 'projetos', 7, 'Projeto criado: Tabira', '2025-05-26 21:33:40'),
(19, 1, 'INSERT', 'projetos', 8, 'Projeto criado: Teste', '2025-07-29 18:11:25'),
(20, 1, 'INSERT', 'projetos_ods', 8, 'Associou ODS ID 206', '2025-07-29 18:12:06'),
(21, 1, 'INSERT', 'projetos_ods', 8, 'Associou ODS ID 2', '2025-07-29 18:12:06'),
(22, 1, 'INSERT', 'projetos_ods', 8, 'Associou ODS ID 48', '2025-07-29 18:12:06'),
(23, 4, 'INSERT', 'projetos', 9, 'Projeto criado: TSSS BAHIA', '2025-08-05 13:03:18'),
(24, 4, 'INSERT', 'projetos', 10, 'Projeto criado: TSSS BAHIA', '2025-08-05 13:08:04'),
(25, 4, 'DELETE', 'projetos_ods', 10, 'Associações ODS removidas do projeto', '2025-08-05 13:08:17'),
(26, 4, 'DELETE', 'projetos', 10, 'Projeto excluído: TSSS BAHIA', '2025-08-05 13:08:17'),
(27, 4, 'INSERT', 'projetos_ods', 9, 'Associou ODS ID 206', '2025-08-05 17:12:40'),
(28, 4, 'INSERT', 'projetos_ods', 9, 'Associou ODS ID 2', '2025-08-05 17:12:40'),
(29, 4, 'INSERT', 'projetos_ods', 9, 'Associou ODS ID 7', '2025-08-05 17:12:40'),
(30, 4, 'INSERT', 'projetos_ods', 9, 'Associou ODS ID 8', '2025-08-05 17:12:40'),
(31, 4, 'INSERT', 'projetos_ods', 9, 'Associou ODS ID 9', '2025-08-05 17:12:40'),
(32, 4, 'INSERT', 'projetos_ods', 9, 'Associou ODS ID 12', '2025-08-05 17:12:40'),
(33, 4, 'INSERT', 'projetos_ods', 9, 'Associou ODS ID 13', '2025-08-05 17:12:40'),
(34, 4, 'INSERT', 'projetos_ods', 9, 'Associou ODS ID 14', '2025-08-05 17:12:40'),
(35, 4, 'INSERT', 'projetos_ods', 9, 'Associou ODS ID 15', '2025-08-05 17:12:40'),
(36, 4, 'INSERT', 'projetos_ods', 9, 'Associou ODS ID 18', '2025-08-05 17:17:20'),
(37, 4, 'INSERT', 'projetos_ods', 9, 'Associou ODS ID 19', '2025-08-05 17:17:20'),
(38, 4, 'INSERT', 'projetos_ods', 9, 'Associou ODS ID 20', '2025-08-05 17:17:20'),
(39, 4, 'INSERT', 'projetos_ods', 9, 'Associou ODS ID 21', '2025-08-05 17:17:20'),
(40, 4, 'INSERT', 'projetos_ods', 9, 'Associou ODS ID 22', '2025-08-05 17:17:20'),
(41, 4, 'INSERT', 'projetos_ods', 9, 'Associou ODS ID 23', '2025-08-05 17:17:20'),
(42, 4, 'INSERT', 'projetos_ods', 9, 'Associou ODS ID 24', '2025-08-05 17:17:20'),
(43, 4, 'INSERT', 'projetos_ods', 9, 'Associou ODS ID 25', '2025-08-05 17:17:20'),
(44, 4, 'INSERT', 'projetos_ods', 9, 'Associou ODS ID 26', '2025-08-05 17:17:20'),
(45, 4, 'INSERT', 'projetos_ods', 9, 'Associou ODS ID 27', '2025-08-05 17:17:20'),
(46, 4, 'INSERT', 'projetos_ods', 9, 'Associou ODS ID 28', '2025-08-05 17:17:20'),
(47, 4, 'INSERT', 'projetos_ods', 9, 'Associou ODS ID 29', '2025-08-05 17:17:20'),
(48, 4, 'INSERT', 'projetos_ods', 9, 'Associou ODS ID 31', '2025-08-05 17:17:20'),
(49, 4, 'INSERT', 'projetos_ods', 9, 'Associou ODS ID 34', '2025-08-05 17:17:20'),
(50, 4, 'INSERT', 'projetos_ods', 9, 'Associou ODS ID 35', '2025-08-05 17:17:20'),
(51, 4, 'INSERT', 'projetos_ods', 9, 'Associou ODS ID 36', '2025-08-05 17:17:20'),
(52, 4, 'INSERT', 'projetos_ods', 9, 'Associou ODS ID 38', '2025-08-05 17:17:20'),
(53, 4, 'INSERT', 'projetos_ods', 9, 'Associou ODS ID 40', '2025-08-05 17:17:20'),
(54, 4, 'INSERT', 'projetos_ods', 9, 'Associou ODS ID 41', '2025-08-05 17:17:20'),
(55, 4, 'INSERT', 'projetos_ods', 9, 'Associou ODS ID 43', '2025-08-05 17:17:20'),
(56, 4, 'INSERT', 'projetos_ods', 9, 'Associou ODS ID 45', '2025-08-05 17:17:20'),
(57, 4, 'INSERT', 'projetos_ods', 9, 'Associou ODS ID 46', '2025-08-05 17:17:20'),
(58, 4, 'INSERT', 'projetos_ods', 9, 'Associou ODS ID 48', '2025-08-05 17:17:20'),
(59, 4, 'INSERT', 'projetos_ods', 9, 'Associou ODS ID 49', '2025-08-05 17:17:20'),
(60, 4, 'INSERT', 'projetos_ods', 9, 'Associou ODS ID 50', '2025-08-05 17:17:20'),
(61, 4, 'INSERT', 'projetos_ods', 9, 'Associou ODS ID 54', '2025-08-05 17:17:20'),
(62, 4, 'INSERT', 'projetos_ods', 9, 'Associou ODS ID 55', '2025-08-05 17:17:20'),
(63, 4, 'INSERT', 'projetos_ods', 9, 'Associou ODS ID 56', '2025-08-05 17:17:20'),
(64, 4, 'INSERT', 'projetos_ods', 9, 'Associou ODS ID 58', '2025-08-05 17:17:20'),
(65, 4, 'INSERT', 'projetos_ods', 9, 'Associou ODS ID 60', '2025-08-05 17:17:20'),
(66, 4, 'INSERT', 'projetos_ods', 9, 'Associou ODS ID 61', '2025-08-05 17:17:20'),
(67, 4, 'INSERT', 'projetos_ods', 9, 'Associou ODS ID 62', '2025-08-05 17:17:20'),
(68, 4, 'INSERT', 'projetos_ods', 9, 'Associou ODS ID 63', '2025-08-05 17:17:20'),
(69, 4, 'INSERT', 'projetos_ods', 9, 'Associou ODS ID 64', '2025-08-05 17:17:20'),
(70, 4, 'INSERT', 'projetos_ods', 9, 'Associou ODS ID 65', '2025-08-05 17:17:20'),
(71, 4, 'INSERT', 'projetos_ods', 9, 'Associou ODS ID 66', '2025-08-05 17:17:20'),
(72, 4, 'INSERT', 'projetos_ods', 9, 'Associou ODS ID 68', '2025-08-05 17:17:20'),
(73, 4, 'INSERT', 'projetos_ods', 9, 'Associou ODS ID 70', '2025-08-05 17:17:20'),
(74, 4, 'INSERT', 'projetos_ods', 9, 'Associou ODS ID 71', '2025-08-05 17:17:20'),
(75, 4, 'INSERT', 'projetos_ods', 9, 'Associou ODS ID 72', '2025-08-05 17:17:20'),
(76, 4, 'INSERT', 'projetos_ods', 9, 'Associou ODS ID 73', '2025-08-05 17:17:20'),
(77, 4, 'INSERT', 'projetos_ods', 9, 'Associou ODS ID 74', '2025-08-05 17:17:20'),
(78, 4, 'INSERT', 'projetos_ods', 9, 'Associou ODS ID 77', '2025-08-05 17:17:20'),
(79, 4, 'INSERT', 'projetos_ods', 9, 'Associou ODS ID 78', '2025-08-05 17:17:20'),
(80, 4, 'INSERT', 'projetos_ods', 9, 'Associou ODS ID 79', '2025-08-05 17:17:20'),
(81, 4, 'INSERT', 'projetos_ods', 9, 'Associou ODS ID 80', '2025-08-05 17:17:20'),
(82, 4, 'INSERT', 'projetos_ods', 9, 'Associou ODS ID 81', '2025-08-05 17:17:20'),
(83, 4, 'INSERT', 'projetos_ods', 9, 'Associou ODS ID 82', '2025-08-05 17:17:20'),
(84, 4, 'INSERT', 'projetos_ods', 9, 'Associou ODS ID 83', '2025-08-05 17:17:20'),
(85, 4, 'INSERT', 'projetos_ods', 9, 'Associou ODS ID 84', '2025-08-05 17:17:20'),
(86, 4, 'INSERT', 'projetos_ods', 9, 'Associou ODS ID 85', '2025-08-05 17:17:20'),
(87, 4, 'INSERT', 'projetos_ods', 9, 'Associou ODS ID 87', '2025-08-05 17:17:20'),
(88, 4, 'INSERT', 'projetos_ods', 9, 'Associou ODS ID 89', '2025-08-05 17:17:20'),
(89, 4, 'INSERT', 'projetos_ods', 9, 'Associou ODS ID 92', '2025-08-05 17:17:20'),
(90, 4, 'INSERT', 'projetos_ods', 9, 'Associou ODS ID 93', '2025-08-05 17:17:20'),
(91, 4, 'INSERT', 'projetos_ods', 9, 'Associou ODS ID 94', '2025-08-05 17:17:20'),
(92, 4, 'INSERT', 'projetos_ods', 9, 'Associou ODS ID 95', '2025-08-05 17:17:20'),
(93, 4, 'INSERT', 'projetos_ods', 9, 'Associou ODS ID 96', '2025-08-05 17:17:20'),
(94, 4, 'INSERT', 'projetos_ods', 9, 'Associou ODS ID 97', '2025-08-05 17:17:20'),
(95, 4, 'INSERT', 'projetos_ods', 9, 'Associou ODS ID 103', '2025-08-05 17:17:20'),
(96, 4, 'INSERT', 'projetos_ods', 9, 'Associou ODS ID 105', '2025-08-05 17:17:20'),
(97, 4, 'INSERT', 'projetos_ods', 9, 'Associou ODS ID 108', '2025-08-05 17:17:20'),
(98, 4, 'INSERT', 'projetos_ods', 9, 'Associou ODS ID 111', '2025-08-05 17:17:20'),
(99, 4, 'INSERT', 'projetos_ods', 9, 'Associou ODS ID 112', '2025-08-05 17:17:20'),
(100, 4, 'INSERT', 'projetos_ods', 9, 'Associou ODS ID 113', '2025-08-05 17:17:20'),
(101, 4, 'INSERT', 'projetos_ods', 9, 'Associou ODS ID 114', '2025-08-05 17:17:20'),
(102, 4, 'INSERT', 'projetos_ods', 9, 'Associou ODS ID 115', '2025-08-05 17:17:20'),
(103, 4, 'INSERT', 'projetos_ods', 9, 'Associou ODS ID 117', '2025-08-05 17:17:20'),
(104, 4, 'INSERT', 'projetos_ods', 9, 'Associou ODS ID 120', '2025-08-05 17:17:20'),
(105, 4, 'INSERT', 'projetos_ods', 9, 'Associou ODS ID 121', '2025-08-05 17:17:20'),
(106, 4, 'INSERT', 'projetos_ods', 9, 'Associou ODS ID 122', '2025-08-05 17:17:20'),
(107, 4, 'INSERT', 'projetos_ods', 9, 'Associou ODS ID 123', '2025-08-05 17:17:20'),
(108, 4, 'INSERT', 'projetos_ods', 9, 'Associou ODS ID 124', '2025-08-05 17:17:20'),
(109, 4, 'INSERT', 'projetos_ods', 9, 'Associou ODS ID 125', '2025-08-05 17:17:20'),
(110, 4, 'INSERT', 'projetos_ods', 9, 'Associou ODS ID 126', '2025-08-05 17:17:20'),
(111, 4, 'INSERT', 'projetos_ods', 9, 'Associou ODS ID 127', '2025-08-05 17:17:20'),
(112, 4, 'INSERT', 'projetos_ods', 9, 'Associou ODS ID 129', '2025-08-05 17:17:20'),
(113, 4, 'INSERT', 'projetos_ods', 9, 'Associou ODS ID 134', '2025-08-05 17:17:20'),
(114, 4, 'INSERT', 'projetos_ods', 9, 'Associou ODS ID 136', '2025-08-05 17:17:20'),
(115, 4, 'INSERT', 'projetos_ods', 9, 'Associou ODS ID 138', '2025-08-05 17:17:20'),
(116, 4, 'INSERT', 'projetos_ods', 9, 'Associou ODS ID 139', '2025-08-05 17:17:20'),
(117, 4, 'INSERT', 'projetos_ods', 9, 'Associou ODS ID 141', '2025-08-05 17:17:20'),
(118, 4, 'INSERT', 'projetos_ods', 9, 'Associou ODS ID 144', '2025-08-05 17:17:20'),
(119, 4, 'INSERT', 'projetos_ods', 9, 'Associou ODS ID 146', '2025-08-05 17:17:20'),
(120, 4, 'INSERT', 'projetos_ods', 9, 'Associou ODS ID 147', '2025-08-05 17:17:20'),
(121, 4, 'INSERT', 'projetos_ods', 9, 'Associou ODS ID 175', '2025-08-05 17:17:20'),
(122, 4, 'INSERT', 'projetos_ods', 9, 'Associou ODS ID 176', '2025-08-05 17:17:20'),
(123, 4, 'INSERT', 'projetos_ods', 9, 'Associou ODS ID 177', '2025-08-05 17:17:20'),
(124, 4, 'INSERT', 'projetos_ods', 9, 'Associou ODS ID 178', '2025-08-05 17:17:20'),
(125, 4, 'INSERT', 'projetos_ods', 9, 'Associou ODS ID 179', '2025-08-05 17:17:20'),
(126, 4, 'INSERT', 'projetos_ods', 9, 'Associou ODS ID 187', '2025-08-05 17:17:20'),
(127, 4, 'INSERT', 'projetos_ods', 9, 'Associou ODS ID 189', '2025-08-05 17:17:20'),
(128, 4, 'INSERT', 'projetos_ods', 9, 'Associou ODS ID 190', '2025-08-05 17:17:20'),
(129, 4, 'INSERT', 'projetos_ods', 9, 'Associou ODS ID 191', '2025-08-05 17:17:20'),
(130, 4, 'INSERT', 'projetos_ods', 9, 'Associou ODS ID 193', '2025-08-05 17:17:20'),
(131, 4, 'INSERT', 'projetos_ods', 9, 'Associou ODS ID 194', '2025-08-05 17:17:20'),
(132, 4, 'INSERT', 'projetos_ods', 9, 'Associou ODS ID 196', '2025-08-05 17:17:20'),
(133, 4, 'INSERT', 'projetos_ods', 9, 'Associou ODS ID 198', '2025-08-05 17:17:20'),
(134, 4, 'INSERT', 'projetos_ods', 9, 'Associou ODS ID 200', '2025-08-05 17:17:20'),
(135, 4, 'INSERT', 'projetos_ods', 9, 'Associou ODS ID 204', '2025-08-05 17:17:20'),
(136, 4, 'DELETE', 'projetos_ods', 8, 'Associações ODS removidas do projeto', '2025-08-05 17:20:48'),
(137, 4, 'DELETE', 'projetos', 8, 'Projeto excluído: Teste', '2025-08-05 17:20:48'),
(138, 4, 'DELETE', 'projetos_ods', 7, 'Associações ODS removidas do projeto', '2025-08-05 17:21:02'),
(139, 4, 'DELETE', 'projetos', 7, 'Projeto excluído: Tabira', '2025-08-05 17:21:02'),
(140, 4, 'DELETE', 'projetos_ods', 6, 'Associações ODS removidas do projeto', '2025-08-05 17:21:08'),
(141, 4, 'DELETE', 'projetos', 6, 'Projeto excluído: Teste', '2025-08-05 17:21:08'),
(142, 4, 'DELETE', 'projetos_ods', 5, 'Associações ODS removidas do projeto', '2025-08-05 17:21:20'),
(143, 4, 'DELETE', 'projetos', 5, 'Projeto excluído: Teste', '2025-08-05 17:21:20'),
(144, 11, 'INSERT', 'projetos', 11, 'Projeto criado: teste_fabricio', '2025-09-08 18:53:25'),
(145, 11, 'INSERT', 'projetos_ods', 11, 'Associou ODS ID 61', '2025-09-08 18:55:19'),
(146, 11, 'INSERT', 'projetos_ods', 11, 'Associou ODS ID 66', '2025-09-08 18:55:19'),
(147, 11, 'INSERT', 'projetos_ods', 11, 'Associou ODS ID 68', '2025-09-08 18:55:19'),
(148, 11, 'INSERT', 'projetos_ods', 11, 'Associou ODS ID 70', '2025-09-08 18:55:19'),
(149, 11, 'INSERT', 'projetos_ods', 11, 'Associou ODS ID 71', '2025-09-08 18:55:19'),
(150, 11, 'INSERT', 'projetos_ods', 11, 'Associou ODS ID 72', '2025-09-08 18:55:19'),
(151, 11, 'INSERT', 'projetos_ods', 11, 'Associou ODS ID 73', '2025-09-08 18:55:19'),
(152, 11, 'INSERT', 'projetos_ods', 11, 'Associou ODS ID 74', '2025-09-08 18:55:19'),
(153, 11, 'INSERT', 'projetos_ods', 11, 'Associou ODS ID 77', '2025-09-08 18:55:19'),
(154, 11, 'INSERT', 'projetos_ods', 11, 'Associou ODS ID 78', '2025-09-08 18:55:19'),
(155, 11, 'INSERT', 'projetos_ods', 11, 'Associou ODS ID 79', '2025-09-08 18:55:19'),
(156, 11, 'INSERT', 'projetos_ods', 11, 'Associou ODS ID 80', '2025-09-08 18:55:19'),
(157, 11, 'INSERT', 'projetos_ods', 11, 'Associou ODS ID 84', '2025-09-08 18:55:19'),
(158, 11, 'INSERT', 'projetos_ods', 11, 'Associou ODS ID 85', '2025-09-08 18:55:19'),
(159, 12, 'INSERT', 'projetos', 12, 'Projeto criado: Colômbia - Santa Marta 2025 - Taller', '2025-09-09 14:47:09'),
(160, 4, 'INSERT', 'projetos_ods', 3, 'Associou ODS ID 206', '2025-09-10 13:12:29'),
(161, 4, 'INSERT', 'projetos_ods', 3, 'Associou ODS ID 2', '2025-09-10 13:12:29'),
(162, 4, 'INSERT', 'projetos_ods', 3, 'Associou ODS ID 7', '2025-09-10 13:12:29'),
(163, 4, 'INSERT', 'projetos_ods', 3, 'Associou ODS ID 8', '2025-09-10 13:12:29'),
(164, 4, 'INSERT', 'projetos_ods', 3, 'Associou ODS ID 9', '2025-09-10 13:12:29'),
(165, 4, 'INSERT', 'projetos_ods', 3, 'Associou ODS ID 12', '2025-09-10 13:12:29'),
(166, 4, 'INSERT', 'projetos_ods', 3, 'Associou ODS ID 13', '2025-09-10 13:12:29'),
(167, 4, 'INSERT', 'projetos_ods', 3, 'Associou ODS ID 14', '2025-09-10 13:12:29'),
(168, 4, 'INSERT', 'projetos_ods', 3, 'Associou ODS ID 15', '2025-09-10 13:12:29'),
(169, 4, 'INSERT', 'projetos_ods', 3, 'Associou ODS ID 18', '2025-09-10 13:12:29'),
(170, 4, 'INSERT', 'projetos_ods', 3, 'Associou ODS ID 19', '2025-09-10 13:12:29'),
(171, 4, 'INSERT', 'projetos_ods', 3, 'Associou ODS ID 20', '2025-09-10 13:12:29'),
(172, 4, 'INSERT', 'projetos_ods', 3, 'Associou ODS ID 21', '2025-09-10 13:12:29'),
(173, 4, 'INSERT', 'projetos_ods', 3, 'Associou ODS ID 22', '2025-09-10 13:12:29'),
(174, 4, 'INSERT', 'projetos_ods', 3, 'Associou ODS ID 23', '2025-09-10 13:12:29'),
(175, 4, 'INSERT', 'projetos_ods', 3, 'Associou ODS ID 24', '2025-09-10 13:12:29'),
(176, 4, 'INSERT', 'projetos_ods', 3, 'Associou ODS ID 25', '2025-09-10 13:12:29'),
(177, 4, 'INSERT', 'projetos_ods', 3, 'Associou ODS ID 26', '2025-09-10 13:12:29'),
(178, 4, 'INSERT', 'projetos_ods', 3, 'Associou ODS ID 27', '2025-09-10 13:12:29'),
(179, 4, 'INSERT', 'projetos_ods', 3, 'Associou ODS ID 28', '2025-09-10 13:12:29'),
(180, 4, 'INSERT', 'projetos_ods', 3, 'Associou ODS ID 29', '2025-09-10 13:12:29'),
(181, 4, 'INSERT', 'projetos_ods', 3, 'Associou ODS ID 31', '2025-09-10 13:12:29'),
(182, 4, 'INSERT', 'projetos_ods', 3, 'Associou ODS ID 34', '2025-09-10 13:12:29'),
(183, 4, 'INSERT', 'projetos_ods', 3, 'Associou ODS ID 35', '2025-09-10 13:12:29'),
(184, 4, 'INSERT', 'projetos_ods', 3, 'Associou ODS ID 36', '2025-09-10 13:12:29'),
(185, 4, 'INSERT', 'projetos_ods', 3, 'Associou ODS ID 38', '2025-09-10 13:12:29'),
(186, 4, 'INSERT', 'projetos_ods', 3, 'Associou ODS ID 40', '2025-09-10 13:12:29'),
(187, 4, 'INSERT', 'projetos_ods', 3, 'Associou ODS ID 41', '2025-09-10 13:12:29'),
(188, 4, 'INSERT', 'projetos_ods', 3, 'Associou ODS ID 43', '2025-09-10 13:12:29'),
(189, 4, 'INSERT', 'projetos_ods', 3, 'Associou ODS ID 45', '2025-09-10 13:12:29'),
(190, 4, 'INSERT', 'projetos_ods', 3, 'Associou ODS ID 46', '2025-09-10 13:12:29'),
(191, 4, 'INSERT', 'projetos_ods', 3, 'Associou ODS ID 48', '2025-09-10 13:12:29'),
(192, 4, 'INSERT', 'projetos_ods', 3, 'Associou ODS ID 49', '2025-09-10 13:12:29'),
(193, 4, 'INSERT', 'projetos_ods', 3, 'Associou ODS ID 50', '2025-09-10 13:12:29'),
(194, 4, 'INSERT', 'projetos_ods', 3, 'Associou ODS ID 54', '2025-09-10 13:12:29'),
(195, 4, 'INSERT', 'projetos_ods', 3, 'Associou ODS ID 55', '2025-09-10 13:12:29'),
(196, 4, 'INSERT', 'projetos_ods', 3, 'Associou ODS ID 56', '2025-09-10 13:12:29'),
(197, 4, 'INSERT', 'projetos_ods', 3, 'Associou ODS ID 58', '2025-09-10 13:12:29'),
(198, 4, 'INSERT', 'projetos_ods', 3, 'Associou ODS ID 60', '2025-09-10 13:12:29'),
(199, 4, 'INSERT', 'projetos_ods', 3, 'Associou ODS ID 61', '2025-09-10 13:12:29'),
(200, 4, 'INSERT', 'projetos_ods', 3, 'Associou ODS ID 62', '2025-09-10 13:12:29'),
(201, 4, 'INSERT', 'projetos_ods', 3, 'Associou ODS ID 63', '2025-09-10 13:12:29'),
(202, 4, 'INSERT', 'projetos_ods', 3, 'Associou ODS ID 64', '2025-09-10 13:12:29'),
(203, 4, 'INSERT', 'projetos_ods', 3, 'Associou ODS ID 65', '2025-09-10 13:12:29'),
(204, 4, 'INSERT', 'projetos_ods', 3, 'Associou ODS ID 66', '2025-09-10 13:12:29'),
(205, 4, 'INSERT', 'projetos_ods', 3, 'Associou ODS ID 68', '2025-09-10 13:12:29'),
(206, 4, 'INSERT', 'projetos_ods', 3, 'Associou ODS ID 70', '2025-09-10 13:12:29'),
(207, 4, 'INSERT', 'projetos_ods', 3, 'Associou ODS ID 71', '2025-09-10 13:12:29'),
(208, 4, 'INSERT', 'projetos_ods', 3, 'Associou ODS ID 72', '2025-09-10 13:12:29'),
(209, 4, 'INSERT', 'projetos_ods', 3, 'Associou ODS ID 73', '2025-09-10 13:12:29'),
(210, 4, 'INSERT', 'projetos_ods', 3, 'Associou ODS ID 74', '2025-09-10 13:12:29'),
(211, 4, 'INSERT', 'projetos_ods', 3, 'Associou ODS ID 77', '2025-09-10 13:12:29'),
(212, 4, 'INSERT', 'projetos_ods', 3, 'Associou ODS ID 78', '2025-09-10 13:12:29'),
(213, 4, 'INSERT', 'projetos_ods', 3, 'Associou ODS ID 79', '2025-09-10 13:12:29'),
(214, 4, 'INSERT', 'projetos_ods', 3, 'Associou ODS ID 80', '2025-09-10 13:12:29'),
(215, 4, 'INSERT', 'projetos_ods', 3, 'Associou ODS ID 81', '2025-09-10 13:12:29'),
(216, 4, 'INSERT', 'projetos_ods', 3, 'Associou ODS ID 82', '2025-09-10 13:12:29'),
(217, 4, 'INSERT', 'projetos_ods', 3, 'Associou ODS ID 85', '2025-09-10 13:12:29'),
(218, 4, 'INSERT', 'projetos_ods', 3, 'Associou ODS ID 87', '2025-09-10 13:12:29'),
(219, 4, 'INSERT', 'projetos_ods', 3, 'Associou ODS ID 92', '2025-09-10 13:12:29'),
(220, 4, 'INSERT', 'projetos_ods', 3, 'Associou ODS ID 93', '2025-09-10 13:12:29'),
(221, 4, 'INSERT', 'projetos_ods', 3, 'Associou ODS ID 94', '2025-09-10 13:12:29'),
(222, 4, 'INSERT', 'projetos_ods', 3, 'Associou ODS ID 95', '2025-09-10 13:12:29'),
(223, 4, 'INSERT', 'projetos_ods', 3, 'Associou ODS ID 96', '2025-09-10 13:12:29'),
(224, 4, 'INSERT', 'projetos_ods', 3, 'Associou ODS ID 97', '2025-09-10 13:12:29'),
(225, 4, 'INSERT', 'projetos_ods', 3, 'Associou ODS ID 98', '2025-09-10 13:12:29'),
(226, 4, 'INSERT', 'projetos_ods', 3, 'Associou ODS ID 99', '2025-09-10 13:12:29'),
(227, 4, 'INSERT', 'projetos_ods', 3, 'Associou ODS ID 101', '2025-09-10 13:12:29'),
(228, 4, 'INSERT', 'projetos_ods', 3, 'Associou ODS ID 103', '2025-09-10 13:12:29'),
(229, 4, 'INSERT', 'projetos_ods', 3, 'Associou ODS ID 105', '2025-09-10 13:12:29'),
(230, 4, 'INSERT', 'projetos_ods', 3, 'Associou ODS ID 108', '2025-09-10 13:12:29'),
(231, 4, 'INSERT', 'projetos_ods', 3, 'Associou ODS ID 109', '2025-09-10 13:12:29'),
(232, 4, 'INSERT', 'projetos_ods', 3, 'Associou ODS ID 111', '2025-09-10 13:12:29'),
(233, 4, 'INSERT', 'projetos_ods', 3, 'Associou ODS ID 112', '2025-09-10 13:12:29'),
(234, 4, 'INSERT', 'projetos_ods', 3, 'Associou ODS ID 113', '2025-09-10 13:12:29'),
(235, 4, 'INSERT', 'projetos_ods', 3, 'Associou ODS ID 114', '2025-09-10 13:12:29'),
(236, 4, 'INSERT', 'projetos_ods', 3, 'Associou ODS ID 115', '2025-09-10 13:12:29'),
(237, 4, 'INSERT', 'projetos_ods', 3, 'Associou ODS ID 117', '2025-09-10 13:12:29'),
(238, 4, 'INSERT', 'projetos_ods', 3, 'Associou ODS ID 120', '2025-09-10 13:12:29'),
(239, 4, 'INSERT', 'projetos_ods', 3, 'Associou ODS ID 121', '2025-09-10 13:12:29'),
(240, 4, 'INSERT', 'projetos_ods', 3, 'Associou ODS ID 122', '2025-09-10 13:12:29'),
(241, 4, 'INSERT', 'projetos_ods', 3, 'Associou ODS ID 123', '2025-09-10 13:12:29'),
(242, 4, 'INSERT', 'projetos_ods', 3, 'Associou ODS ID 124', '2025-09-10 13:12:29'),
(243, 4, 'INSERT', 'projetos_ods', 3, 'Associou ODS ID 125', '2025-09-10 13:12:29'),
(244, 4, 'INSERT', 'projetos_ods', 3, 'Associou ODS ID 127', '2025-09-10 13:12:29'),
(245, 4, 'INSERT', 'projetos_ods', 3, 'Associou ODS ID 129', '2025-09-10 13:12:29'),
(246, 4, 'INSERT', 'projetos_ods', 3, 'Associou ODS ID 134', '2025-09-10 13:12:29'),
(247, 4, 'INSERT', 'projetos_ods', 3, 'Associou ODS ID 136', '2025-09-10 13:12:29'),
(248, 4, 'INSERT', 'projetos_ods', 3, 'Associou ODS ID 138', '2025-09-10 13:12:29'),
(249, 4, 'INSERT', 'projetos_ods', 3, 'Associou ODS ID 139', '2025-09-10 13:12:29'),
(250, 4, 'INSERT', 'projetos_ods', 3, 'Associou ODS ID 141', '2025-09-10 13:12:29'),
(251, 4, 'INSERT', 'projetos_ods', 3, 'Associou ODS ID 144', '2025-09-10 13:12:29'),
(252, 4, 'INSERT', 'projetos_ods', 3, 'Associou ODS ID 146', '2025-09-10 13:12:29'),
(253, 4, 'INSERT', 'projetos_ods', 3, 'Associou ODS ID 147', '2025-09-10 13:12:29'),
(254, 4, 'INSERT', 'projetos_ods', 3, 'Associou ODS ID 149', '2025-09-10 13:12:29'),
(255, 4, 'INSERT', 'projetos_ods', 3, 'Associou ODS ID 150', '2025-09-10 13:12:29'),
(256, 4, 'INSERT', 'projetos_ods', 3, 'Associou ODS ID 151', '2025-09-10 13:12:29'),
(257, 4, 'INSERT', 'projetos_ods', 3, 'Associou ODS ID 153', '2025-09-10 13:12:29'),
(258, 4, 'INSERT', 'projetos_ods', 3, 'Associou ODS ID 155', '2025-09-10 13:12:29'),
(259, 4, 'INSERT', 'projetos_ods', 3, 'Associou ODS ID 157', '2025-09-10 13:12:29'),
(260, 4, 'INSERT', 'projetos_ods', 3, 'Associou ODS ID 158', '2025-09-10 13:12:29'),
(261, 4, 'INSERT', 'projetos_ods', 3, 'Associou ODS ID 159', '2025-09-10 13:12:29'),
(262, 4, 'INSERT', 'projetos_ods', 3, 'Associou ODS ID 162', '2025-09-10 13:12:29'),
(263, 4, 'INSERT', 'projetos_ods', 3, 'Associou ODS ID 164', '2025-09-10 13:12:29'),
(264, 4, 'INSERT', 'projetos_ods', 3, 'Associou ODS ID 166', '2025-09-10 13:12:29'),
(265, 4, 'INSERT', 'projetos_ods', 3, 'Associou ODS ID 167', '2025-09-10 13:12:29'),
(266, 4, 'INSERT', 'projetos_ods', 3, 'Associou ODS ID 168', '2025-09-10 13:12:29'),
(267, 4, 'INSERT', 'projetos_ods', 3, 'Associou ODS ID 169', '2025-09-10 13:12:29'),
(268, 4, 'INSERT', 'projetos_ods', 3, 'Associou ODS ID 175', '2025-09-10 13:12:29'),
(269, 4, 'INSERT', 'projetos_ods', 3, 'Associou ODS ID 176', '2025-09-10 13:12:29'),
(270, 4, 'INSERT', 'projetos_ods', 3, 'Associou ODS ID 177', '2025-09-10 13:12:29'),
(271, 4, 'INSERT', 'projetos_ods', 3, 'Associou ODS ID 178', '2025-09-10 13:12:29'),
(272, 4, 'INSERT', 'projetos_ods', 3, 'Associou ODS ID 179', '2025-09-10 13:12:29'),
(273, 4, 'INSERT', 'projetos_ods', 3, 'Associou ODS ID 187', '2025-09-10 13:12:29'),
(274, 4, 'INSERT', 'projetos_ods', 3, 'Associou ODS ID 189', '2025-09-10 13:12:29'),
(275, 4, 'INSERT', 'projetos_ods', 3, 'Associou ODS ID 190', '2025-09-10 13:12:29'),
(276, 4, 'INSERT', 'projetos_ods', 3, 'Associou ODS ID 191', '2025-09-10 13:12:29'),
(277, 4, 'INSERT', 'projetos_ods', 3, 'Associou ODS ID 193', '2025-09-10 13:12:29'),
(278, 4, 'INSERT', 'projetos_ods', 3, 'Associou ODS ID 194', '2025-09-10 13:12:29'),
(279, 4, 'INSERT', 'projetos_ods', 3, 'Associou ODS ID 196', '2025-09-10 13:12:29'),
(280, 4, 'INSERT', 'projetos_ods', 3, 'Associou ODS ID 198', '2025-09-10 13:12:29'),
(281, 4, 'INSERT', 'projetos_ods', 3, 'Associou ODS ID 200', '2025-09-10 13:12:29'),
(282, 4, 'INSERT', 'projetos_ods', 3, 'Associou ODS ID 204', '2025-09-10 13:12:29'),
(283, 4, 'DELETE', 'projetos_ods', 4, 'Associações ODS removidas do projeto', '2025-09-10 13:13:26'),
(284, 4, 'DELETE', 'projetos', 4, 'Projeto excluído: Programa Castanheiras - Amapá', '2025-09-10 13:13:26'),
(285, 4, 'UPDATE', 'projetos', 3, 'Projeto editado: Curso Seminário - Novos icones', '2025-09-10 13:16:50'),
(286, 4, 'INSERT', 'projetos', 13, 'Projeto criado: Curso Seminário - Novos icones para oficina', '2025-09-11 19:04:12'),
(287, 4, 'INSERT', 'projetos_ods', 13, 'Associou ODS ID 9', '2025-09-11 19:06:37'),
(288, 4, 'INSERT', 'projetos_ods', 13, 'Associou ODS ID 12', '2025-09-11 19:06:37'),
(289, 4, 'INSERT', 'projetos_ods', 13, 'Associou ODS ID 28', '2025-09-11 19:06:37'),
(290, 4, 'INSERT', 'projetos_ods', 13, 'Associou ODS ID 31', '2025-09-11 19:06:37'),
(291, 4, 'INSERT', 'projetos_ods', 13, 'Associou ODS ID 114', '2025-09-11 19:06:37'),
(292, 4, 'INSERT', 'projetos_ods', 13, 'Associou ODS ID 127', '2025-09-11 19:06:37'),
(293, 4, 'INSERT', 'projetos_ods', 13, 'Associou ODS ID 144', '2025-09-11 19:06:37'),
(294, 4, 'INSERT', 'projetos_ods', 13, 'Associou ODS ID 190', '2025-09-11 19:06:37'),
(295, 4, 'DELETE', 'projetos_ods', 3, 'Desassociou ODS ID 206', '2025-09-15 18:58:29'),
(296, 4, 'DELETE', 'projetos_ods', 3, 'Desassociou ODS ID 2', '2025-09-15 18:58:29'),
(297, 4, 'DELETE', 'projetos_ods', 3, 'Desassociou ODS ID 7', '2025-09-15 18:58:29'),
(298, 4, 'DELETE', 'projetos_ods', 3, 'Desassociou ODS ID 8', '2025-09-15 18:58:29'),
(299, 4, 'DELETE', 'projetos_ods', 3, 'Desassociou ODS ID 13', '2025-09-15 18:58:29'),
(300, 4, 'DELETE', 'projetos_ods', 3, 'Desassociou ODS ID 14', '2025-09-15 18:58:29'),
(301, 4, 'DELETE', 'projetos_ods', 3, 'Desassociou ODS ID 15', '2025-09-15 18:58:29'),
(302, 4, 'DELETE', 'projetos_ods', 3, 'Desassociou ODS ID 18', '2025-09-15 18:58:29'),
(303, 4, 'DELETE', 'projetos_ods', 3, 'Desassociou ODS ID 19', '2025-09-15 18:58:29'),
(304, 4, 'DELETE', 'projetos_ods', 3, 'Desassociou ODS ID 20', '2025-09-15 18:58:29'),
(305, 4, 'DELETE', 'projetos_ods', 3, 'Desassociou ODS ID 21', '2025-09-15 18:58:29'),
(306, 4, 'DELETE', 'projetos_ods', 3, 'Desassociou ODS ID 22', '2025-09-15 18:58:29'),
(307, 4, 'DELETE', 'projetos_ods', 3, 'Desassociou ODS ID 23', '2025-09-15 18:58:29'),
(308, 4, 'DELETE', 'projetos_ods', 3, 'Desassociou ODS ID 24', '2025-09-15 18:58:29'),
(309, 4, 'DELETE', 'projetos_ods', 3, 'Desassociou ODS ID 25', '2025-09-15 18:58:29'),
(310, 4, 'DELETE', 'projetos_ods', 3, 'Desassociou ODS ID 26', '2025-09-15 18:58:29'),
(311, 4, 'DELETE', 'projetos_ods', 3, 'Desassociou ODS ID 27', '2025-09-15 18:58:29'),
(312, 4, 'DELETE', 'projetos_ods', 3, 'Desassociou ODS ID 29', '2025-09-15 18:58:29'),
(313, 4, 'DELETE', 'projetos_ods', 3, 'Desassociou ODS ID 34', '2025-09-15 18:58:29'),
(314, 4, 'DELETE', 'projetos_ods', 3, 'Desassociou ODS ID 35', '2025-09-15 18:58:29'),
(315, 4, 'DELETE', 'projetos_ods', 3, 'Desassociou ODS ID 36', '2025-09-15 18:58:29'),
(316, 4, 'DELETE', 'projetos_ods', 3, 'Desassociou ODS ID 38', '2025-09-15 18:58:29'),
(317, 4, 'DELETE', 'projetos_ods', 3, 'Desassociou ODS ID 40', '2025-09-15 18:58:29'),
(318, 4, 'DELETE', 'projetos_ods', 3, 'Desassociou ODS ID 41', '2025-09-15 18:58:29'),
(319, 4, 'DELETE', 'projetos_ods', 3, 'Desassociou ODS ID 43', '2025-09-15 18:58:29'),
(320, 4, 'DELETE', 'projetos_ods', 3, 'Desassociou ODS ID 45', '2025-09-15 18:58:29'),
(321, 4, 'DELETE', 'projetos_ods', 3, 'Desassociou ODS ID 46', '2025-09-15 18:58:29'),
(322, 4, 'DELETE', 'projetos_ods', 3, 'Desassociou ODS ID 48', '2025-09-15 18:58:29'),
(323, 4, 'DELETE', 'projetos_ods', 3, 'Desassociou ODS ID 49', '2025-09-15 18:58:29'),
(324, 4, 'DELETE', 'projetos_ods', 3, 'Desassociou ODS ID 50', '2025-09-15 18:58:29'),
(325, 4, 'DELETE', 'projetos_ods', 3, 'Desassociou ODS ID 54', '2025-09-15 18:58:29'),
(326, 4, 'DELETE', 'projetos_ods', 3, 'Desassociou ODS ID 55', '2025-09-15 18:58:29'),
(327, 4, 'DELETE', 'projetos_ods', 3, 'Desassociou ODS ID 56', '2025-09-15 18:58:29'),
(328, 4, 'DELETE', 'projetos_ods', 3, 'Desassociou ODS ID 58', '2025-09-15 18:58:29'),
(329, 4, 'DELETE', 'projetos_ods', 3, 'Desassociou ODS ID 60', '2025-09-15 18:58:29'),
(330, 4, 'DELETE', 'projetos_ods', 3, 'Desassociou ODS ID 61', '2025-09-15 18:58:29'),
(331, 4, 'DELETE', 'projetos_ods', 3, 'Desassociou ODS ID 62', '2025-09-15 18:58:29'),
(332, 4, 'DELETE', 'projetos_ods', 3, 'Desassociou ODS ID 63', '2025-09-15 18:58:29'),
(333, 4, 'DELETE', 'projetos_ods', 3, 'Desassociou ODS ID 64', '2025-09-15 18:58:29'),
(334, 4, 'DELETE', 'projetos_ods', 3, 'Desassociou ODS ID 65', '2025-09-15 18:58:29'),
(335, 4, 'DELETE', 'projetos_ods', 3, 'Desassociou ODS ID 66', '2025-09-15 18:58:29'),
(336, 4, 'DELETE', 'projetos_ods', 3, 'Desassociou ODS ID 68', '2025-09-15 18:58:29'),
(337, 4, 'DELETE', 'projetos_ods', 3, 'Desassociou ODS ID 70', '2025-09-15 18:58:29'),
(338, 4, 'DELETE', 'projetos_ods', 3, 'Desassociou ODS ID 71', '2025-09-15 18:58:29'),
(339, 4, 'DELETE', 'projetos_ods', 3, 'Desassociou ODS ID 72', '2025-09-15 18:58:29'),
(340, 4, 'DELETE', 'projetos_ods', 3, 'Desassociou ODS ID 73', '2025-09-15 18:58:29'),
(341, 4, 'DELETE', 'projetos_ods', 3, 'Desassociou ODS ID 74', '2025-09-15 18:58:29'),
(342, 4, 'DELETE', 'projetos_ods', 3, 'Desassociou ODS ID 77', '2025-09-15 18:58:29'),
(343, 4, 'DELETE', 'projetos_ods', 3, 'Desassociou ODS ID 78', '2025-09-15 18:58:29'),
(344, 4, 'DELETE', 'projetos_ods', 3, 'Desassociou ODS ID 79', '2025-09-15 18:58:29'),
(345, 4, 'DELETE', 'projetos_ods', 3, 'Desassociou ODS ID 80', '2025-09-15 18:58:29'),
(346, 4, 'DELETE', 'projetos_ods', 3, 'Desassociou ODS ID 81', '2025-09-15 18:58:29'),
(347, 4, 'DELETE', 'projetos_ods', 3, 'Desassociou ODS ID 82', '2025-09-15 18:58:29'),
(348, 4, 'DELETE', 'projetos_ods', 3, 'Desassociou ODS ID 85', '2025-09-15 18:58:29'),
(349, 4, 'DELETE', 'projetos_ods', 3, 'Desassociou ODS ID 87', '2025-09-15 18:58:29'),
(350, 4, 'DELETE', 'projetos_ods', 3, 'Desassociou ODS ID 92', '2025-09-15 18:58:29'),
(351, 4, 'DELETE', 'projetos_ods', 3, 'Desassociou ODS ID 93', '2025-09-15 18:58:29'),
(352, 4, 'DELETE', 'projetos_ods', 3, 'Desassociou ODS ID 94', '2025-09-15 18:58:29'),
(353, 4, 'DELETE', 'projetos_ods', 3, 'Desassociou ODS ID 95', '2025-09-15 18:58:29'),
(354, 4, 'DELETE', 'projetos_ods', 3, 'Desassociou ODS ID 96', '2025-09-15 18:58:29'),
(355, 4, 'DELETE', 'projetos_ods', 3, 'Desassociou ODS ID 97', '2025-09-15 18:58:29'),
(356, 4, 'DELETE', 'projetos_ods', 3, 'Desassociou ODS ID 98', '2025-09-15 18:58:29'),
(357, 4, 'DELETE', 'projetos_ods', 3, 'Desassociou ODS ID 99', '2025-09-15 18:58:29'),
(358, 4, 'DELETE', 'projetos_ods', 3, 'Desassociou ODS ID 101', '2025-09-15 18:58:29'),
(359, 4, 'DELETE', 'projetos_ods', 3, 'Desassociou ODS ID 103', '2025-09-15 18:58:29'),
(360, 4, 'DELETE', 'projetos_ods', 3, 'Desassociou ODS ID 105', '2025-09-15 18:58:29'),
(361, 4, 'DELETE', 'projetos_ods', 3, 'Desassociou ODS ID 108', '2025-09-15 18:58:29'),
(362, 4, 'DELETE', 'projetos_ods', 3, 'Desassociou ODS ID 109', '2025-09-15 18:58:29'),
(363, 4, 'DELETE', 'projetos_ods', 3, 'Desassociou ODS ID 111', '2025-09-15 18:58:29'),
(364, 4, 'DELETE', 'projetos_ods', 3, 'Desassociou ODS ID 112', '2025-09-15 18:58:29'),
(365, 4, 'DELETE', 'projetos_ods', 3, 'Desassociou ODS ID 113', '2025-09-15 18:58:29'),
(366, 4, 'DELETE', 'projetos_ods', 3, 'Desassociou ODS ID 115', '2025-09-15 18:58:29'),
(367, 4, 'DELETE', 'projetos_ods', 3, 'Desassociou ODS ID 117', '2025-09-15 18:58:29'),
(368, 4, 'DELETE', 'projetos_ods', 3, 'Desassociou ODS ID 120', '2025-09-15 18:58:29'),
(369, 4, 'DELETE', 'projetos_ods', 3, 'Desassociou ODS ID 121', '2025-09-15 18:58:29'),
(370, 4, 'DELETE', 'projetos_ods', 3, 'Desassociou ODS ID 122', '2025-09-15 18:58:29'),
(371, 4, 'DELETE', 'projetos_ods', 3, 'Desassociou ODS ID 123', '2025-09-15 18:58:29'),
(372, 4, 'DELETE', 'projetos_ods', 3, 'Desassociou ODS ID 124', '2025-09-15 18:58:29'),
(373, 4, 'DELETE', 'projetos_ods', 3, 'Desassociou ODS ID 125', '2025-09-15 18:58:29'),
(374, 4, 'DELETE', 'projetos_ods', 3, 'Desassociou ODS ID 127', '2025-09-15 18:58:29'),
(375, 4, 'DELETE', 'projetos_ods', 3, 'Desassociou ODS ID 129', '2025-09-15 18:58:29'),
(376, 4, 'DELETE', 'projetos_ods', 3, 'Desassociou ODS ID 134', '2025-09-15 18:58:29'),
(377, 4, 'DELETE', 'projetos_ods', 3, 'Desassociou ODS ID 136', '2025-09-15 18:58:30'),
(378, 4, 'DELETE', 'projetos_ods', 3, 'Desassociou ODS ID 138', '2025-09-15 18:58:30'),
(379, 4, 'DELETE', 'projetos_ods', 3, 'Desassociou ODS ID 139', '2025-09-15 18:58:30'),
(380, 4, 'DELETE', 'projetos_ods', 3, 'Desassociou ODS ID 141', '2025-09-15 18:58:30'),
(381, 4, 'DELETE', 'projetos_ods', 3, 'Desassociou ODS ID 146', '2025-09-15 18:58:30'),
(382, 4, 'DELETE', 'projetos_ods', 3, 'Desassociou ODS ID 147', '2025-09-15 18:58:30'),
(383, 4, 'DELETE', 'projetos_ods', 3, 'Desassociou ODS ID 149', '2025-09-15 18:58:30'),
(384, 4, 'DELETE', 'projetos_ods', 3, 'Desassociou ODS ID 150', '2025-09-15 18:58:30'),
(385, 4, 'DELETE', 'projetos_ods', 3, 'Desassociou ODS ID 151', '2025-09-15 18:58:30'),
(386, 4, 'DELETE', 'projetos_ods', 3, 'Desassociou ODS ID 153', '2025-09-15 18:58:30'),
(387, 4, 'DELETE', 'projetos_ods', 3, 'Desassociou ODS ID 155', '2025-09-15 18:58:30'),
(388, 4, 'DELETE', 'projetos_ods', 3, 'Desassociou ODS ID 157', '2025-09-15 18:58:30'),
(389, 4, 'DELETE', 'projetos_ods', 3, 'Desassociou ODS ID 158', '2025-09-15 18:58:30'),
(390, 4, 'DELETE', 'projetos_ods', 3, 'Desassociou ODS ID 159', '2025-09-15 18:58:30'),
(391, 4, 'DELETE', 'projetos_ods', 3, 'Desassociou ODS ID 162', '2025-09-15 18:58:30'),
(392, 4, 'DELETE', 'projetos_ods', 3, 'Desassociou ODS ID 164', '2025-09-15 18:58:30'),
(393, 4, 'DELETE', 'projetos_ods', 3, 'Desassociou ODS ID 166', '2025-09-15 18:58:30'),
(394, 4, 'DELETE', 'projetos_ods', 3, 'Desassociou ODS ID 167', '2025-09-15 18:58:30'),
(395, 4, 'DELETE', 'projetos_ods', 3, 'Desassociou ODS ID 168', '2025-09-15 18:58:30'),
(396, 4, 'DELETE', 'projetos_ods', 3, 'Desassociou ODS ID 169', '2025-09-15 18:58:30'),
(397, 4, 'DELETE', 'projetos_ods', 3, 'Desassociou ODS ID 175', '2025-09-15 18:58:30'),
(398, 4, 'DELETE', 'projetos_ods', 3, 'Desassociou ODS ID 176', '2025-09-15 18:58:30'),
(399, 4, 'DELETE', 'projetos_ods', 3, 'Desassociou ODS ID 177', '2025-09-15 18:58:30'),
(400, 4, 'DELETE', 'projetos_ods', 3, 'Desassociou ODS ID 178', '2025-09-15 18:58:30'),
(401, 4, 'DELETE', 'projetos_ods', 3, 'Desassociou ODS ID 179', '2025-09-15 18:58:30'),
(402, 4, 'DELETE', 'projetos_ods', 3, 'Desassociou ODS ID 187', '2025-09-15 18:58:30'),
(403, 4, 'DELETE', 'projetos_ods', 3, 'Desassociou ODS ID 189', '2025-09-15 18:58:30'),
(404, 4, 'DELETE', 'projetos_ods', 3, 'Desassociou ODS ID 191', '2025-09-15 18:58:30'),
(405, 4, 'DELETE', 'projetos_ods', 3, 'Desassociou ODS ID 193', '2025-09-15 18:58:30'),
(406, 4, 'DELETE', 'projetos_ods', 3, 'Desassociou ODS ID 194', '2025-09-15 18:58:30'),
(407, 4, 'DELETE', 'projetos_ods', 3, 'Desassociou ODS ID 196', '2025-09-15 18:58:30'),
(408, 4, 'DELETE', 'projetos_ods', 3, 'Desassociou ODS ID 198', '2025-09-15 18:58:30'),
(409, 4, 'DELETE', 'projetos_ods', 3, 'Desassociou ODS ID 204', '2025-09-15 18:58:30'),
(410, 4, 'DELETE', 'projetos_ods', 13, 'Desassociou ODS ID 127', '2025-09-15 19:00:14'),
(411, 4, 'INSERT', 'projetos_ods', 13, 'Associou ODS ID 200', '2025-09-15 19:00:14'),
(412, 1, 'INSERT', 'projetos', 14, 'Projeto criado: Teste', '2025-09-17 20:47:19'),
(413, 1, 'DELETE', 'projetos_ods', 14, 'Associações ODS removidas do projeto', '2025-09-17 20:47:32'),
(414, 1, 'DELETE', 'projetos', 14, 'Projeto excluído: Teste', '2025-09-17 20:47:32'),
(415, 4, 'UPDATE', 'projetos', 9, 'Projeto editado: TSSS BAHIA', '2025-09-29 18:05:39'),
(416, 4, 'INSERT', 'projetos_ods', 9, 'Associou ODS ID 157', '2025-09-29 19:28:59'),
(417, 4, 'INSERT', 'projetos_ods', 9, 'Associou ODS ID 158', '2025-09-29 19:28:59'),
(418, 4, 'INSERT', 'projetos_ods', 9, 'Associou ODS ID 159', '2025-09-29 19:28:59'),
(419, 4, 'INSERT', 'projetos_ods', 9, 'Associou ODS ID 162', '2025-09-29 19:28:59'),
(420, 4, 'INSERT', 'projetos_ods', 9, 'Associou ODS ID 164', '2025-09-29 19:28:59'),
(421, 4, 'INSERT', 'projetos_ods', 9, 'Associou ODS ID 166', '2025-09-29 19:28:59'),
(422, 4, 'INSERT', 'projetos_ods', 9, 'Associou ODS ID 168', '2025-09-29 19:28:59'),
(423, 4, 'INSERT', 'projetos', 14, 'Projeto criado: Colaboratório Fiocruz Pinhão - Paraná', '2025-10-22 13:44:10'),
(424, 10, 'INSERT', 'projetos', 15, 'Projeto criado: teste-29-10', '2025-10-29 13:15:53'),
(425, 10, 'INSERT', 'projetos_ods', 15, 'Associou ODS ID 206', '2025-10-29 13:16:28'),
(426, 10, 'INSERT', 'projetos_ods', 15, 'Associou ODS ID 92', '2025-10-29 13:16:28'),
(427, 10, 'INSERT', 'projetos_ods', 15, 'Associou ODS ID 93', '2025-10-29 13:16:28'),
(428, 10, 'INSERT', 'projetos_ods', 15, 'Associou ODS ID 103', '2025-10-29 13:16:28'),
(429, 10, 'INSERT', 'projetos_ods', 15, 'Associou ODS ID 112', '2025-10-29 13:16:28'),
(430, 10, 'INSERT', 'projetos_ods', 15, 'Associou ODS ID 129', '2025-10-29 13:16:28'),
(431, 10, 'INSERT', 'projetos_ods', 15, 'Associou ODS ID 144', '2025-10-29 13:16:28'),
(432, 10, 'INSERT', 'projetos_ods', 15, 'Associou ODS ID 149', '2025-10-29 13:16:28'),
(433, 10, 'INSERT', 'projetos_ods', 15, 'Associou ODS ID 157', '2025-10-29 13:16:28'),
(434, 10, 'INSERT', 'projetos_ods', 15, 'Associou ODS ID 175', '2025-10-29 13:16:28'),
(435, 10, 'INSERT', 'projetos', 16, 'Projeto criado: demonstração', '2025-10-29 13:19:04'),
(436, 10, 'INSERT', 'projetos_ods', 16, 'Associou ODS ID 7', '2025-10-29 13:20:53'),
(437, 10, 'INSERT', 'projetos_ods', 16, 'Associou ODS ID 8', '2025-10-29 13:20:53'),
(438, 10, 'INSERT', 'projetos_ods', 16, 'Associou ODS ID 13', '2025-10-29 13:20:53'),
(439, 10, 'INSERT', 'projetos_ods', 16, 'Associou ODS ID 14', '2025-10-29 13:20:53'),
(440, 10, 'INSERT', 'projetos_ods', 16, 'Associou ODS ID 15', '2025-10-29 13:20:53'),
(441, 10, 'DELETE', 'projetos_ods', 15, 'Associações ODS removidas do projeto', '2025-10-29 13:23:26'),
(442, 10, 'DELETE', 'projetos', 15, 'Projeto excluído: teste-29-10', '2025-10-29 13:23:26'),
(443, 10, 'INSERT', 'projetos', 17, 'Projeto criado: teste-29-10b', '2025-10-29 13:23:37'),
(444, 10, 'INSERT', 'projetos_ods', 17, 'Associou ODS ID 206', '2025-10-29 13:23:44'),
(445, 10, 'INSERT', 'projetos_ods', 17, 'Associou ODS ID 2', '2025-10-29 13:23:44'),
(446, 4, 'INSERT', 'projetos', 18, 'Projeto criado: Diálogos Prospectivos Territorial - Pinhão/Paraná', '2025-11-03 13:20:50'),
(447, 4, 'INSERT', 'projetos_ods', 18, 'Associou ODS ID 206', '2025-11-03 13:41:24'),
(448, 4, 'INSERT', 'projetos_ods', 18, 'Associou ODS ID 2', '2025-11-03 13:41:24'),
(449, 4, 'INSERT', 'projetos_ods', 18, 'Associou ODS ID 7', '2025-11-03 13:41:24'),
(450, 4, 'INSERT', 'projetos_ods', 18, 'Associou ODS ID 8', '2025-11-03 13:41:24'),
(451, 4, 'INSERT', 'projetos_ods', 18, 'Associou ODS ID 9', '2025-11-03 13:41:24'),
(452, 4, 'INSERT', 'projetos_ods', 18, 'Associou ODS ID 12', '2025-11-03 13:41:24'),
(453, 4, 'INSERT', 'projetos_ods', 18, 'Associou ODS ID 13', '2025-11-03 13:41:24'),
(454, 4, 'INSERT', 'projetos_ods', 18, 'Associou ODS ID 14', '2025-11-03 13:41:24'),
(455, 4, 'INSERT', 'projetos_ods', 18, 'Associou ODS ID 15', '2025-11-03 13:41:24'),
(456, 4, 'INSERT', 'projetos_ods', 18, 'Associou ODS ID 18', '2025-11-03 13:41:24'),
(457, 4, 'INSERT', 'projetos_ods', 18, 'Associou ODS ID 19', '2025-11-03 13:41:24'),
(458, 4, 'INSERT', 'projetos_ods', 18, 'Associou ODS ID 20', '2025-11-03 13:41:24'),
(459, 4, 'INSERT', 'projetos_ods', 18, 'Associou ODS ID 21', '2025-11-03 13:41:24'),
(460, 4, 'INSERT', 'projetos_ods', 18, 'Associou ODS ID 22', '2025-11-03 13:41:24'),
(461, 4, 'INSERT', 'projetos_ods', 18, 'Associou ODS ID 23', '2025-11-03 13:41:24'),
(462, 4, 'INSERT', 'projetos_ods', 18, 'Associou ODS ID 24', '2025-11-03 13:41:24'),
(463, 4, 'INSERT', 'projetos_ods', 18, 'Associou ODS ID 25', '2025-11-03 13:41:24'),
(464, 4, 'INSERT', 'projetos_ods', 18, 'Associou ODS ID 26', '2025-11-03 13:41:24'),
(465, 4, 'INSERT', 'projetos_ods', 18, 'Associou ODS ID 27', '2025-11-03 13:41:24'),
(466, 4, 'INSERT', 'projetos_ods', 18, 'Associou ODS ID 28', '2025-11-03 13:41:24'),
(467, 4, 'INSERT', 'projetos_ods', 18, 'Associou ODS ID 29', '2025-11-03 13:41:24'),
(468, 4, 'INSERT', 'projetos_ods', 18, 'Associou ODS ID 31', '2025-11-03 13:41:24'),
(469, 4, 'INSERT', 'projetos_ods', 18, 'Associou ODS ID 34', '2025-11-03 13:41:24'),
(470, 4, 'INSERT', 'projetos_ods', 18, 'Associou ODS ID 35', '2025-11-03 13:41:24'),
(471, 4, 'INSERT', 'projetos_ods', 18, 'Associou ODS ID 36', '2025-11-03 13:41:24'),
(472, 4, 'INSERT', 'projetos_ods', 18, 'Associou ODS ID 38', '2025-11-03 13:41:24'),
(473, 4, 'INSERT', 'projetos_ods', 18, 'Associou ODS ID 40', '2025-11-03 13:41:24'),
(474, 4, 'INSERT', 'projetos_ods', 18, 'Associou ODS ID 41', '2025-11-03 13:41:24'),
(475, 4, 'INSERT', 'projetos_ods', 18, 'Associou ODS ID 43', '2025-11-03 13:41:24'),
(476, 4, 'INSERT', 'projetos_ods', 18, 'Associou ODS ID 45', '2025-11-03 13:41:24'),
(477, 4, 'INSERT', 'projetos_ods', 18, 'Associou ODS ID 46', '2025-11-03 13:41:24'),
(478, 4, 'INSERT', 'projetos_ods', 18, 'Associou ODS ID 48', '2025-11-03 13:41:24'),
(479, 4, 'INSERT', 'projetos_ods', 18, 'Associou ODS ID 50', '2025-11-03 13:41:24'),
(480, 4, 'INSERT', 'projetos_ods', 18, 'Associou ODS ID 54', '2025-11-03 13:41:24'),
(481, 4, 'INSERT', 'projetos_ods', 18, 'Associou ODS ID 55', '2025-11-03 13:41:24'),
(482, 4, 'INSERT', 'projetos_ods', 18, 'Associou ODS ID 56', '2025-11-03 13:41:24'),
(483, 4, 'INSERT', 'projetos_ods', 18, 'Associou ODS ID 58', '2025-11-03 13:41:24'),
(484, 4, 'INSERT', 'projetos_ods', 18, 'Associou ODS ID 60', '2025-11-03 13:41:24'),
(485, 4, 'INSERT', 'projetos_ods', 18, 'Associou ODS ID 61', '2025-11-03 13:41:24'),
(486, 4, 'INSERT', 'projetos_ods', 18, 'Associou ODS ID 62', '2025-11-03 13:41:24'),
(487, 4, 'INSERT', 'projetos_ods', 18, 'Associou ODS ID 63', '2025-11-03 13:41:24'),
(488, 4, 'INSERT', 'projetos_ods', 18, 'Associou ODS ID 64', '2025-11-03 13:41:24'),
(489, 4, 'INSERT', 'projetos_ods', 18, 'Associou ODS ID 65', '2025-11-03 13:41:24'),
(490, 4, 'INSERT', 'projetos_ods', 18, 'Associou ODS ID 66', '2025-11-03 13:41:24'),
(491, 4, 'INSERT', 'projetos_ods', 18, 'Associou ODS ID 68', '2025-11-03 13:41:24'),
(492, 4, 'INSERT', 'projetos_ods', 18, 'Associou ODS ID 70', '2025-11-03 13:41:24'),
(493, 4, 'INSERT', 'projetos_ods', 18, 'Associou ODS ID 71', '2025-11-03 13:41:24'),
(494, 4, 'INSERT', 'projetos_ods', 18, 'Associou ODS ID 72', '2025-11-03 13:41:24'),
(495, 4, 'INSERT', 'projetos_ods', 18, 'Associou ODS ID 73', '2025-11-03 13:41:24'),
(496, 4, 'INSERT', 'projetos_ods', 18, 'Associou ODS ID 74', '2025-11-03 13:41:24'),
(497, 4, 'INSERT', 'projetos_ods', 18, 'Associou ODS ID 77', '2025-11-03 13:41:24'),
(498, 4, 'INSERT', 'projetos_ods', 18, 'Associou ODS ID 78', '2025-11-03 13:41:24'),
(499, 4, 'INSERT', 'projetos_ods', 18, 'Associou ODS ID 79', '2025-11-03 13:41:24'),
(500, 4, 'INSERT', 'projetos_ods', 18, 'Associou ODS ID 80', '2025-11-03 13:41:24'),
(501, 4, 'INSERT', 'projetos_ods', 18, 'Associou ODS ID 82', '2025-11-03 13:41:24'),
(502, 4, 'INSERT', 'projetos_ods', 18, 'Associou ODS ID 83', '2025-11-03 13:41:24'),
(503, 4, 'INSERT', 'projetos_ods', 18, 'Associou ODS ID 85', '2025-11-03 13:41:24'),
(504, 4, 'INSERT', 'projetos_ods', 18, 'Associou ODS ID 87', '2025-11-03 13:41:24'),
(505, 4, 'INSERT', 'projetos_ods', 18, 'Associou ODS ID 92', '2025-11-03 13:41:24'),
(506, 4, 'INSERT', 'projetos_ods', 18, 'Associou ODS ID 93', '2025-11-03 13:41:24'),
(507, 4, 'INSERT', 'projetos_ods', 18, 'Associou ODS ID 94', '2025-11-03 13:41:24'),
(508, 4, 'INSERT', 'projetos_ods', 18, 'Associou ODS ID 95', '2025-11-03 13:41:24'),
(509, 4, 'INSERT', 'projetos_ods', 18, 'Associou ODS ID 96', '2025-11-03 13:41:24'),
(510, 4, 'INSERT', 'projetos_ods', 18, 'Associou ODS ID 97', '2025-11-03 13:41:24'),
(511, 4, 'INSERT', 'projetos_ods', 18, 'Associou ODS ID 98', '2025-11-03 13:41:24'),
(512, 4, 'INSERT', 'projetos_ods', 18, 'Associou ODS ID 99', '2025-11-03 13:41:24'),
(513, 4, 'INSERT', 'projetos_ods', 18, 'Associou ODS ID 101', '2025-11-03 13:41:24'),
(514, 4, 'INSERT', 'projetos_ods', 18, 'Associou ODS ID 103', '2025-11-03 13:41:24'),
(515, 4, 'INSERT', 'projetos_ods', 18, 'Associou ODS ID 105', '2025-11-03 13:41:24'),
(516, 4, 'INSERT', 'projetos_ods', 18, 'Associou ODS ID 108', '2025-11-03 13:41:24'),
(517, 4, 'INSERT', 'projetos_ods', 18, 'Associou ODS ID 109', '2025-11-03 13:41:24'),
(518, 4, 'INSERT', 'projetos_ods', 18, 'Associou ODS ID 112', '2025-11-03 13:41:24'),
(519, 4, 'INSERT', 'projetos_ods', 18, 'Associou ODS ID 113', '2025-11-03 13:41:24'),
(520, 4, 'INSERT', 'projetos_ods', 18, 'Associou ODS ID 114', '2025-11-03 13:41:24'),
(521, 4, 'INSERT', 'projetos_ods', 18, 'Associou ODS ID 115', '2025-11-03 13:41:24'),
(522, 4, 'INSERT', 'projetos_ods', 18, 'Associou ODS ID 117', '2025-11-03 13:41:24'),
(523, 4, 'INSERT', 'projetos_ods', 18, 'Associou ODS ID 120', '2025-11-03 13:41:24'),
(524, 4, 'INSERT', 'projetos_ods', 18, 'Associou ODS ID 121', '2025-11-03 13:41:24'),
(525, 4, 'INSERT', 'projetos_ods', 18, 'Associou ODS ID 122', '2025-11-03 13:41:24'),
(526, 4, 'INSERT', 'projetos_ods', 18, 'Associou ODS ID 123', '2025-11-03 13:41:24'),
(527, 4, 'INSERT', 'projetos_ods', 18, 'Associou ODS ID 124', '2025-11-03 13:41:24'),
(528, 4, 'INSERT', 'projetos_ods', 18, 'Associou ODS ID 127', '2025-11-03 13:41:24'),
(529, 4, 'INSERT', 'projetos_ods', 18, 'Associou ODS ID 129', '2025-11-03 13:41:24'),
(530, 4, 'INSERT', 'projetos_ods', 18, 'Associou ODS ID 134', '2025-11-03 13:41:24'),
(531, 4, 'INSERT', 'projetos_ods', 18, 'Associou ODS ID 136', '2025-11-03 13:41:24'),
(532, 4, 'INSERT', 'projetos_ods', 18, 'Associou ODS ID 138', '2025-11-03 13:41:24'),
(533, 4, 'INSERT', 'projetos_ods', 18, 'Associou ODS ID 139', '2025-11-03 13:41:24'),
(534, 4, 'INSERT', 'projetos_ods', 18, 'Associou ODS ID 141', '2025-11-03 13:41:24'),
(535, 4, 'INSERT', 'projetos_ods', 18, 'Associou ODS ID 144', '2025-11-03 13:41:24'),
(536, 4, 'INSERT', 'projetos_ods', 18, 'Associou ODS ID 146', '2025-11-03 13:41:24'),
(537, 4, 'INSERT', 'projetos_ods', 18, 'Associou ODS ID 147', '2025-11-03 13:41:24'),
(538, 4, 'INSERT', 'projetos_ods', 18, 'Associou ODS ID 150', '2025-11-03 13:41:24'),
(539, 4, 'INSERT', 'projetos_ods', 18, 'Associou ODS ID 153', '2025-11-03 13:41:24'),
(540, 4, 'INSERT', 'projetos_ods', 18, 'Associou ODS ID 155', '2025-11-03 13:41:24'),
(541, 4, 'INSERT', 'projetos_ods', 18, 'Associou ODS ID 157', '2025-11-03 13:41:24'),
(542, 4, 'INSERT', 'projetos_ods', 18, 'Associou ODS ID 158', '2025-11-03 13:41:24'),
(543, 4, 'INSERT', 'projetos_ods', 18, 'Associou ODS ID 159', '2025-11-03 13:41:24'),
(544, 4, 'INSERT', 'projetos_ods', 18, 'Associou ODS ID 162', '2025-11-03 13:41:24'),
(545, 4, 'INSERT', 'projetos_ods', 18, 'Associou ODS ID 164', '2025-11-03 13:41:24'),
(546, 4, 'INSERT', 'projetos_ods', 18, 'Associou ODS ID 166', '2025-11-03 13:41:24'),
(547, 4, 'INSERT', 'projetos_ods', 18, 'Associou ODS ID 167', '2025-11-03 13:41:24'),
(548, 4, 'INSERT', 'projetos_ods', 18, 'Associou ODS ID 168', '2025-11-03 13:41:24'),
(549, 4, 'INSERT', 'projetos_ods', 18, 'Associou ODS ID 169', '2025-11-03 13:41:24'),
(550, 4, 'INSERT', 'projetos_ods', 18, 'Associou ODS ID 175', '2025-11-03 13:41:24'),
(551, 4, 'INSERT', 'projetos_ods', 18, 'Associou ODS ID 176', '2025-11-03 13:41:24'),
(552, 4, 'INSERT', 'projetos_ods', 18, 'Associou ODS ID 177', '2025-11-03 13:41:24'),
(553, 4, 'INSERT', 'projetos_ods', 18, 'Associou ODS ID 178', '2025-11-03 13:41:24'),
(554, 4, 'INSERT', 'projetos_ods', 18, 'Associou ODS ID 179', '2025-11-03 13:41:24'),
(555, 4, 'INSERT', 'projetos_ods', 18, 'Associou ODS ID 187', '2025-11-03 13:41:24'),
(556, 4, 'INSERT', 'projetos_ods', 18, 'Associou ODS ID 189', '2025-11-03 13:41:24'),
(557, 4, 'INSERT', 'projetos_ods', 18, 'Associou ODS ID 190', '2025-11-03 13:41:24'),
(558, 4, 'INSERT', 'projetos_ods', 18, 'Associou ODS ID 191', '2025-11-03 13:41:24'),
(559, 4, 'INSERT', 'projetos_ods', 18, 'Associou ODS ID 193', '2025-11-03 13:41:24'),
(560, 4, 'INSERT', 'projetos_ods', 18, 'Associou ODS ID 194', '2025-11-03 13:41:24'),
(561, 4, 'INSERT', 'projetos_ods', 18, 'Associou ODS ID 196', '2025-11-03 13:41:24'),
(562, 4, 'INSERT', 'projetos_ods', 18, 'Associou ODS ID 198', '2025-11-03 13:41:24'),
(563, 4, 'INSERT', 'projetos_ods', 18, 'Associou ODS ID 200', '2025-11-03 13:41:24'),
(564, 4, 'INSERT', 'projetos_ods', 18, 'Associou ODS ID 204', '2025-11-03 13:41:24'),
(565, 1, 'INSERT', 'projetos_ods', 18, 'Associou ODS ID 207', '2025-11-04 02:04:14'),
(566, 1, 'INSERT', 'projetos_ods', 18, 'Associou ODS ID 208', '2025-11-04 02:04:14'),
(567, 1, 'INSERT', 'projetos_ods', 18, 'Associou ODS ID 209', '2025-11-04 02:04:14'),
(568, 1, 'INSERT', 'projetos_ods', 18, 'Associou ODS ID 210', '2025-11-04 02:04:14'),
(569, 1, 'INSERT', 'projetos_ods', 18, 'Associou ODS ID 211', '2025-11-04 02:04:14'),
(570, 1, 'UPDATE', 'projetos', 18, 'Projeto editado: Diálogos Prospectivos Territorial - Pinhão - Paraná', '2025-11-04 02:10:06'),
(571, 1, 'DELETE', 'projetos_ods', 17, 'Associações ODS removidas do projeto', '2025-11-04 02:16:19'),
(572, 1, 'DELETE', 'projetos', 17, 'Projeto excluído: teste-29-10b', '2025-11-04 02:16:19'),
(573, 1, 'DELETE', 'projetos_ods', 16, 'Associações ODS removidas do projeto', '2025-11-04 02:16:23'),
(574, 1, 'DELETE', 'projetos', 16, 'Projeto excluído: demonstração', '2025-11-04 02:16:23'),
(575, 1, 'DELETE', 'projetos_ods', 14, 'Associações ODS removidas do projeto', '2025-11-04 02:16:34'),
(576, 1, 'DELETE', 'projetos', 14, 'Projeto excluído: Colaboratório Fiocruz Pinhão - Paraná', '2025-11-04 02:16:34'),
(577, 1, 'DELETE', 'projetos_ods', 12, 'Associações ODS removidas do projeto', '2025-11-04 02:16:52'),
(578, 1, 'DELETE', 'projetos', 12, 'Projeto excluído: Colômbia - Santa Marta 2025 - Taller', '2025-11-04 02:16:52'),
(579, 1, 'DELETE', 'projetos_ods', 11, 'Associações ODS removidas do projeto', '2025-11-04 02:16:59'),
(580, 1, 'DELETE', 'projetos', 11, 'Projeto excluído: teste_fabricio', '2025-11-04 02:16:59'),
(581, 1, 'DELETE', 'projetos_ods', 2, 'Associações ODS removidas do projeto', '2025-11-04 02:17:18'),
(582, 1, 'DELETE', 'projetos', 2, 'Projeto excluído: Ilha do Cumbú', '2025-11-04 02:17:18'),
(583, 1, 'DELETE', 'projetos_ods', 1, 'Associações ODS removidas do projeto', '2025-11-04 02:17:25'),
(584, 1, 'DELETE', 'projetos', 1, 'Projeto excluído: Teste', '2025-11-04 02:17:25'),
(585, 18, 'INSERT', 'projetos_ods', 3, 'Associou ODS ID 206', '2025-11-17 13:53:50'),
(586, 18, 'INSERT', 'projetos_ods', 3, 'Associou ODS ID 2', '2025-11-17 13:53:50'),
(587, 18, 'INSERT', 'projetos_ods', 3, 'Associou ODS ID 7', '2025-11-17 13:53:50'),
(588, 18, 'INSERT', 'projetos_ods', 3, 'Associou ODS ID 8', '2025-11-17 13:53:50'),
(589, 18, 'INSERT', 'projetos_ods', 3, 'Associou ODS ID 13', '2025-11-17 13:53:50'),
(590, 18, 'INSERT', 'projetos_ods', 3, 'Associou ODS ID 14', '2025-11-17 13:53:50'),
(591, 18, 'INSERT', 'projetos_ods', 3, 'Associou ODS ID 15', '2025-11-17 13:53:50');
INSERT INTO `logs_auditoria` (`id`, `id_usuario`, `acao`, `tabela_afetada`, `id_registro`, `detalhes`, `data_hora`) VALUES
(592, 18, 'INSERT', 'projetos_ods', 3, 'Associou ODS ID 18', '2025-11-17 13:53:50'),
(593, 18, 'INSERT', 'projetos_ods', 3, 'Associou ODS ID 19', '2025-11-17 13:53:50'),
(594, 18, 'INSERT', 'projetos_ods', 3, 'Associou ODS ID 20', '2025-11-17 13:53:50'),
(595, 18, 'INSERT', 'projetos_ods', 3, 'Associou ODS ID 21', '2025-11-17 13:53:50'),
(596, 18, 'INSERT', 'projetos_ods', 3, 'Associou ODS ID 22', '2025-11-17 13:53:50'),
(597, 18, 'INSERT', 'projetos_ods', 3, 'Associou ODS ID 23', '2025-11-17 13:53:50'),
(598, 18, 'INSERT', 'projetos_ods', 3, 'Associou ODS ID 24', '2025-11-17 13:53:50'),
(599, 18, 'INSERT', 'projetos_ods', 3, 'Associou ODS ID 25', '2025-11-17 13:53:50'),
(600, 18, 'INSERT', 'projetos_ods', 3, 'Associou ODS ID 26', '2025-11-17 13:53:50'),
(601, 18, 'INSERT', 'projetos_ods', 3, 'Associou ODS ID 27', '2025-11-17 13:53:50'),
(602, 18, 'INSERT', 'projetos_ods', 3, 'Associou ODS ID 29', '2025-11-17 13:53:50'),
(603, 18, 'INSERT', 'projetos_ods', 3, 'Associou ODS ID 34', '2025-11-17 13:53:50'),
(604, 18, 'INSERT', 'projetos_ods', 3, 'Associou ODS ID 35', '2025-11-17 13:53:50'),
(605, 18, 'INSERT', 'projetos_ods', 3, 'Associou ODS ID 207', '2025-11-17 13:53:50'),
(606, 18, 'INSERT', 'projetos_ods', 3, 'Associou ODS ID 208', '2025-11-17 13:53:50'),
(607, 18, 'INSERT', 'projetos_ods', 3, 'Associou ODS ID 36', '2025-11-17 13:53:50'),
(608, 18, 'INSERT', 'projetos_ods', 3, 'Associou ODS ID 38', '2025-11-17 13:53:50'),
(609, 18, 'INSERT', 'projetos_ods', 3, 'Associou ODS ID 40', '2025-11-17 13:53:50'),
(610, 18, 'INSERT', 'projetos_ods', 3, 'Associou ODS ID 41', '2025-11-17 13:53:50'),
(611, 18, 'INSERT', 'projetos_ods', 3, 'Associou ODS ID 43', '2025-11-17 13:53:50'),
(612, 18, 'INSERT', 'projetos_ods', 3, 'Associou ODS ID 45', '2025-11-17 13:53:50'),
(613, 18, 'INSERT', 'projetos_ods', 3, 'Associou ODS ID 46', '2025-11-17 13:53:50'),
(614, 18, 'INSERT', 'projetos_ods', 3, 'Associou ODS ID 48', '2025-11-17 13:53:50'),
(615, 18, 'INSERT', 'projetos_ods', 3, 'Associou ODS ID 49', '2025-11-17 13:53:50'),
(616, 18, 'INSERT', 'projetos_ods', 3, 'Associou ODS ID 50', '2025-11-17 13:53:50'),
(617, 18, 'INSERT', 'projetos_ods', 3, 'Associou ODS ID 54', '2025-11-17 13:53:50'),
(618, 18, 'INSERT', 'projetos_ods', 3, 'Associou ODS ID 55', '2025-11-17 13:53:50'),
(619, 18, 'INSERT', 'projetos_ods', 3, 'Associou ODS ID 56', '2025-11-17 13:53:50'),
(620, 18, 'INSERT', 'projetos_ods', 3, 'Associou ODS ID 58', '2025-11-17 13:53:50'),
(621, 18, 'INSERT', 'projetos_ods', 3, 'Associou ODS ID 60', '2025-11-17 13:53:50'),
(622, 18, 'INSERT', 'projetos_ods', 3, 'Associou ODS ID 61', '2025-11-17 13:53:50'),
(623, 18, 'INSERT', 'projetos_ods', 3, 'Associou ODS ID 62', '2025-11-17 13:53:50'),
(624, 18, 'INSERT', 'projetos_ods', 3, 'Associou ODS ID 63', '2025-11-17 13:53:50'),
(625, 18, 'INSERT', 'projetos_ods', 3, 'Associou ODS ID 64', '2025-11-17 13:53:50'),
(626, 18, 'INSERT', 'projetos_ods', 3, 'Associou ODS ID 65', '2025-11-17 13:53:50'),
(627, 18, 'INSERT', 'projetos_ods', 3, 'Associou ODS ID 66', '2025-11-17 13:53:50'),
(628, 18, 'INSERT', 'projetos_ods', 3, 'Associou ODS ID 68', '2025-11-17 13:53:50'),
(629, 18, 'INSERT', 'projetos_ods', 3, 'Associou ODS ID 70', '2025-11-17 13:53:50'),
(630, 18, 'INSERT', 'projetos_ods', 3, 'Associou ODS ID 71', '2025-11-17 13:53:50'),
(631, 18, 'INSERT', 'projetos_ods', 3, 'Associou ODS ID 72', '2025-11-17 13:53:50'),
(632, 18, 'INSERT', 'projetos_ods', 3, 'Associou ODS ID 73', '2025-11-17 13:53:50'),
(633, 18, 'INSERT', 'projetos_ods', 3, 'Associou ODS ID 74', '2025-11-17 13:53:50'),
(634, 18, 'INSERT', 'projetos_ods', 3, 'Associou ODS ID 77', '2025-11-17 13:53:50'),
(635, 18, 'INSERT', 'projetos_ods', 3, 'Associou ODS ID 78', '2025-11-17 13:53:50'),
(636, 18, 'INSERT', 'projetos_ods', 3, 'Associou ODS ID 79', '2025-11-17 13:53:50'),
(637, 18, 'INSERT', 'projetos_ods', 3, 'Associou ODS ID 80', '2025-11-17 13:53:50'),
(638, 18, 'INSERT', 'projetos_ods', 3, 'Associou ODS ID 81', '2025-11-17 13:53:50'),
(639, 18, 'INSERT', 'projetos_ods', 3, 'Associou ODS ID 82', '2025-11-17 13:53:50'),
(640, 18, 'INSERT', 'projetos_ods', 3, 'Associou ODS ID 83', '2025-11-17 13:53:50'),
(641, 18, 'INSERT', 'projetos_ods', 3, 'Associou ODS ID 84', '2025-11-17 13:53:50'),
(642, 18, 'INSERT', 'projetos_ods', 3, 'Associou ODS ID 85', '2025-11-17 13:53:50'),
(643, 18, 'INSERT', 'projetos_ods', 3, 'Associou ODS ID 87', '2025-11-17 13:53:50'),
(644, 18, 'INSERT', 'projetos_ods', 3, 'Associou ODS ID 89', '2025-11-17 13:53:50'),
(645, 18, 'INSERT', 'projetos_ods', 3, 'Associou ODS ID 209', '2025-11-17 13:53:50'),
(646, 18, 'INSERT', 'projetos_ods', 3, 'Associou ODS ID 210', '2025-11-17 13:53:50'),
(647, 18, 'INSERT', 'projetos_ods', 3, 'Associou ODS ID 92', '2025-11-17 13:53:50'),
(648, 18, 'INSERT', 'projetos_ods', 3, 'Associou ODS ID 93', '2025-11-17 13:53:50'),
(649, 18, 'INSERT', 'projetos_ods', 3, 'Associou ODS ID 94', '2025-11-17 13:53:50'),
(650, 18, 'INSERT', 'projetos_ods', 3, 'Associou ODS ID 95', '2025-11-17 13:53:50'),
(651, 18, 'INSERT', 'projetos_ods', 3, 'Associou ODS ID 96', '2025-11-17 13:53:50'),
(652, 18, 'INSERT', 'projetos_ods', 3, 'Associou ODS ID 97', '2025-11-17 13:53:50'),
(653, 18, 'INSERT', 'projetos_ods', 3, 'Associou ODS ID 98', '2025-11-17 13:53:50'),
(654, 18, 'INSERT', 'projetos_ods', 3, 'Associou ODS ID 99', '2025-11-17 13:53:50'),
(655, 18, 'INSERT', 'projetos_ods', 3, 'Associou ODS ID 101', '2025-11-17 13:53:50'),
(656, 18, 'INSERT', 'projetos_ods', 3, 'Associou ODS ID 103', '2025-11-17 13:53:50'),
(657, 18, 'INSERT', 'projetos_ods', 3, 'Associou ODS ID 105', '2025-11-17 13:53:50'),
(658, 18, 'INSERT', 'projetos_ods', 3, 'Associou ODS ID 108', '2025-11-17 13:53:50'),
(659, 18, 'INSERT', 'projetos_ods', 3, 'Associou ODS ID 109', '2025-11-17 13:53:50'),
(660, 18, 'INSERT', 'projetos_ods', 3, 'Associou ODS ID 111', '2025-11-17 13:53:50'),
(661, 18, 'INSERT', 'projetos_ods', 3, 'Associou ODS ID 112', '2025-11-17 13:53:50'),
(662, 18, 'INSERT', 'projetos_ods', 3, 'Associou ODS ID 113', '2025-11-17 13:53:50'),
(663, 18, 'INSERT', 'projetos_ods', 3, 'Associou ODS ID 115', '2025-11-17 13:53:50'),
(664, 18, 'INSERT', 'projetos_ods', 3, 'Associou ODS ID 117', '2025-11-17 13:53:50'),
(665, 18, 'INSERT', 'projetos_ods', 3, 'Associou ODS ID 120', '2025-11-17 13:53:50'),
(666, 18, 'INSERT', 'projetos_ods', 3, 'Associou ODS ID 121', '2025-11-17 13:53:50'),
(667, 18, 'INSERT', 'projetos_ods', 3, 'Associou ODS ID 122', '2025-11-17 13:53:50'),
(668, 18, 'INSERT', 'projetos_ods', 3, 'Associou ODS ID 123', '2025-11-17 13:53:50'),
(669, 18, 'INSERT', 'projetos_ods', 3, 'Associou ODS ID 124', '2025-11-17 13:53:50'),
(670, 18, 'INSERT', 'projetos_ods', 3, 'Associou ODS ID 125', '2025-11-17 13:53:50'),
(671, 18, 'INSERT', 'projetos_ods', 3, 'Associou ODS ID 126', '2025-11-17 13:53:50'),
(672, 18, 'INSERT', 'projetos_ods', 3, 'Associou ODS ID 127', '2025-11-17 13:53:50'),
(673, 18, 'INSERT', 'projetos_ods', 3, 'Associou ODS ID 128', '2025-11-17 13:53:50'),
(674, 18, 'INSERT', 'projetos_ods', 3, 'Associou ODS ID 129', '2025-11-17 13:53:50'),
(675, 18, 'INSERT', 'projetos_ods', 3, 'Associou ODS ID 134', '2025-11-17 13:53:50'),
(676, 18, 'INSERT', 'projetos_ods', 3, 'Associou ODS ID 136', '2025-11-17 13:53:50'),
(677, 18, 'INSERT', 'projetos_ods', 3, 'Associou ODS ID 138', '2025-11-17 13:53:50'),
(678, 18, 'INSERT', 'projetos_ods', 3, 'Associou ODS ID 139', '2025-11-17 13:53:50'),
(679, 18, 'INSERT', 'projetos_ods', 3, 'Associou ODS ID 141', '2025-11-17 13:53:50'),
(680, 18, 'INSERT', 'projetos_ods', 3, 'Associou ODS ID 146', '2025-11-17 13:53:50'),
(681, 18, 'INSERT', 'projetos_ods', 3, 'Associou ODS ID 147', '2025-11-17 13:53:50'),
(682, 18, 'INSERT', 'projetos_ods', 3, 'Associou ODS ID 149', '2025-11-17 13:53:50'),
(683, 18, 'INSERT', 'projetos_ods', 3, 'Associou ODS ID 150', '2025-11-17 13:53:50'),
(684, 18, 'INSERT', 'projetos_ods', 3, 'Associou ODS ID 151', '2025-11-17 13:53:50'),
(685, 18, 'INSERT', 'projetos_ods', 3, 'Associou ODS ID 153', '2025-11-17 13:53:50'),
(686, 18, 'INSERT', 'projetos_ods', 3, 'Associou ODS ID 155', '2025-11-17 13:53:50'),
(687, 18, 'INSERT', 'projetos_ods', 3, 'Associou ODS ID 157', '2025-11-17 13:53:50'),
(688, 18, 'INSERT', 'projetos_ods', 3, 'Associou ODS ID 158', '2025-11-17 13:53:50'),
(689, 18, 'INSERT', 'projetos_ods', 3, 'Associou ODS ID 159', '2025-11-17 13:53:50'),
(690, 18, 'INSERT', 'projetos_ods', 3, 'Associou ODS ID 162', '2025-11-17 13:53:50'),
(691, 18, 'INSERT', 'projetos_ods', 3, 'Associou ODS ID 164', '2025-11-17 13:53:50'),
(692, 18, 'INSERT', 'projetos_ods', 3, 'Associou ODS ID 166', '2025-11-17 13:53:50'),
(693, 18, 'INSERT', 'projetos_ods', 3, 'Associou ODS ID 167', '2025-11-17 13:53:50'),
(694, 18, 'INSERT', 'projetos_ods', 3, 'Associou ODS ID 168', '2025-11-17 13:53:50'),
(695, 18, 'INSERT', 'projetos_ods', 3, 'Associou ODS ID 169', '2025-11-17 13:53:50'),
(696, 18, 'INSERT', 'projetos_ods', 3, 'Associou ODS ID 175', '2025-11-17 13:53:50'),
(697, 18, 'INSERT', 'projetos_ods', 3, 'Associou ODS ID 176', '2025-11-17 13:53:50'),
(698, 18, 'INSERT', 'projetos_ods', 3, 'Associou ODS ID 177', '2025-11-17 13:53:50'),
(699, 18, 'INSERT', 'projetos_ods', 3, 'Associou ODS ID 178', '2025-11-17 13:53:50'),
(700, 18, 'INSERT', 'projetos_ods', 3, 'Associou ODS ID 179', '2025-11-17 13:53:50'),
(701, 18, 'INSERT', 'projetos_ods', 3, 'Associou ODS ID 187', '2025-11-17 13:53:50'),
(702, 18, 'INSERT', 'projetos_ods', 3, 'Associou ODS ID 189', '2025-11-17 13:53:50'),
(703, 18, 'INSERT', 'projetos_ods', 3, 'Associou ODS ID 191', '2025-11-17 13:53:50'),
(704, 18, 'INSERT', 'projetos_ods', 3, 'Associou ODS ID 193', '2025-11-17 13:53:50'),
(705, 18, 'INSERT', 'projetos_ods', 3, 'Associou ODS ID 194', '2025-11-17 13:53:50'),
(706, 18, 'INSERT', 'projetos_ods', 3, 'Associou ODS ID 196', '2025-11-17 13:53:50'),
(707, 18, 'INSERT', 'projetos_ods', 3, 'Associou ODS ID 198', '2025-11-17 13:53:50'),
(708, 18, 'INSERT', 'projetos_ods', 3, 'Associou ODS ID 204', '2025-11-17 13:53:50'),
(709, 18, 'INSERT', 'projetos_ods', 3, 'Associou ODS ID 211', '2025-11-17 13:53:50'),
(710, 18, 'INSERT', 'projetos', 19, 'Projeto criado: Rascunho - exportar ícones', '2025-11-17 13:55:45'),
(711, 18, 'INSERT', 'projetos_ods', 19, 'Associou ODS ID 206', '2025-11-17 13:58:32'),
(712, 18, 'INSERT', 'projetos_ods', 19, 'Associou ODS ID 2', '2025-11-17 13:58:32'),
(713, 18, 'INSERT', 'projetos_ods', 19, 'Associou ODS ID 7', '2025-11-17 13:58:32'),
(714, 18, 'INSERT', 'projetos_ods', 19, 'Associou ODS ID 8', '2025-11-17 13:58:32'),
(715, 18, 'INSERT', 'projetos_ods', 19, 'Associou ODS ID 9', '2025-11-17 13:58:32'),
(716, 18, 'INSERT', 'projetos_ods', 19, 'Associou ODS ID 12', '2025-11-17 13:58:32'),
(717, 18, 'INSERT', 'projetos_ods', 19, 'Associou ODS ID 13', '2025-11-17 13:58:32'),
(718, 18, 'INSERT', 'projetos_ods', 19, 'Associou ODS ID 14', '2025-11-17 13:58:32'),
(719, 18, 'INSERT', 'projetos_ods', 19, 'Associou ODS ID 15', '2025-11-17 13:58:32'),
(720, 18, 'INSERT', 'projetos_ods', 19, 'Associou ODS ID 18', '2025-11-17 13:58:32'),
(721, 18, 'INSERT', 'projetos_ods', 19, 'Associou ODS ID 19', '2025-11-17 13:58:32'),
(722, 18, 'INSERT', 'projetos_ods', 19, 'Associou ODS ID 20', '2025-11-17 13:58:32'),
(723, 18, 'INSERT', 'projetos_ods', 19, 'Associou ODS ID 21', '2025-11-17 13:58:32'),
(724, 18, 'INSERT', 'projetos_ods', 19, 'Associou ODS ID 22', '2025-11-17 13:58:32'),
(725, 18, 'INSERT', 'projetos_ods', 19, 'Associou ODS ID 23', '2025-11-17 13:58:32'),
(726, 18, 'INSERT', 'projetos_ods', 19, 'Associou ODS ID 24', '2025-11-17 13:58:32'),
(727, 18, 'INSERT', 'projetos_ods', 19, 'Associou ODS ID 25', '2025-11-17 13:58:32'),
(728, 18, 'INSERT', 'projetos_ods', 19, 'Associou ODS ID 26', '2025-11-17 13:58:32'),
(729, 18, 'INSERT', 'projetos_ods', 19, 'Associou ODS ID 27', '2025-11-17 13:58:32'),
(730, 18, 'INSERT', 'projetos_ods', 19, 'Associou ODS ID 28', '2025-11-17 13:58:32'),
(731, 18, 'INSERT', 'projetos_ods', 19, 'Associou ODS ID 29', '2025-11-17 13:58:32'),
(732, 18, 'INSERT', 'projetos_ods', 19, 'Associou ODS ID 31', '2025-11-17 13:58:32'),
(733, 18, 'INSERT', 'projetos_ods', 19, 'Associou ODS ID 34', '2025-11-17 13:58:32'),
(734, 18, 'INSERT', 'projetos_ods', 19, 'Associou ODS ID 35', '2025-11-17 13:58:32'),
(735, 18, 'INSERT', 'projetos_ods', 19, 'Associou ODS ID 207', '2025-11-17 13:58:32'),
(736, 18, 'INSERT', 'projetos_ods', 19, 'Associou ODS ID 208', '2025-11-17 13:58:32'),
(737, 18, 'INSERT', 'projetos_ods', 19, 'Associou ODS ID 36', '2025-11-17 13:58:32'),
(738, 18, 'INSERT', 'projetos_ods', 19, 'Associou ODS ID 38', '2025-11-17 13:58:32'),
(739, 18, 'INSERT', 'projetos_ods', 19, 'Associou ODS ID 40', '2025-11-17 13:58:32'),
(740, 18, 'INSERT', 'projetos_ods', 19, 'Associou ODS ID 41', '2025-11-17 13:58:32'),
(741, 18, 'INSERT', 'projetos_ods', 19, 'Associou ODS ID 43', '2025-11-17 13:58:32'),
(742, 18, 'INSERT', 'projetos_ods', 19, 'Associou ODS ID 45', '2025-11-17 13:58:32'),
(743, 18, 'INSERT', 'projetos_ods', 19, 'Associou ODS ID 46', '2025-11-17 13:58:32'),
(744, 18, 'INSERT', 'projetos_ods', 19, 'Associou ODS ID 48', '2025-11-17 13:58:32'),
(745, 18, 'INSERT', 'projetos_ods', 19, 'Associou ODS ID 49', '2025-11-17 13:58:32'),
(746, 18, 'INSERT', 'projetos_ods', 19, 'Associou ODS ID 50', '2025-11-17 13:58:32'),
(747, 18, 'INSERT', 'projetos_ods', 19, 'Associou ODS ID 54', '2025-11-17 13:58:32'),
(748, 18, 'INSERT', 'projetos_ods', 19, 'Associou ODS ID 55', '2025-11-17 13:58:32'),
(749, 18, 'INSERT', 'projetos_ods', 19, 'Associou ODS ID 56', '2025-11-17 13:58:32'),
(750, 18, 'INSERT', 'projetos_ods', 19, 'Associou ODS ID 58', '2025-11-17 13:58:32'),
(751, 18, 'INSERT', 'projetos_ods', 19, 'Associou ODS ID 60', '2025-11-17 13:58:32'),
(752, 18, 'INSERT', 'projetos_ods', 19, 'Associou ODS ID 61', '2025-11-17 13:58:32'),
(753, 18, 'INSERT', 'projetos_ods', 19, 'Associou ODS ID 62', '2025-11-17 13:58:32'),
(754, 18, 'INSERT', 'projetos_ods', 19, 'Associou ODS ID 63', '2025-11-17 13:58:32'),
(755, 18, 'INSERT', 'projetos_ods', 19, 'Associou ODS ID 64', '2025-11-17 13:58:32'),
(756, 18, 'INSERT', 'projetos_ods', 19, 'Associou ODS ID 65', '2025-11-17 13:58:32'),
(757, 18, 'INSERT', 'projetos_ods', 19, 'Associou ODS ID 66', '2025-11-17 13:58:32'),
(758, 18, 'INSERT', 'projetos_ods', 19, 'Associou ODS ID 68', '2025-11-17 13:58:32'),
(759, 18, 'INSERT', 'projetos_ods', 19, 'Associou ODS ID 70', '2025-11-17 13:58:32'),
(760, 18, 'INSERT', 'projetos_ods', 19, 'Associou ODS ID 71', '2025-11-17 13:58:32'),
(761, 18, 'INSERT', 'projetos_ods', 19, 'Associou ODS ID 72', '2025-11-17 13:58:32'),
(762, 18, 'INSERT', 'projetos_ods', 19, 'Associou ODS ID 73', '2025-11-17 13:58:32'),
(763, 18, 'INSERT', 'projetos_ods', 19, 'Associou ODS ID 74', '2025-11-17 13:58:32'),
(764, 18, 'INSERT', 'projetos_ods', 19, 'Associou ODS ID 77', '2025-11-17 13:58:32'),
(765, 18, 'INSERT', 'projetos_ods', 19, 'Associou ODS ID 78', '2025-11-17 13:58:32'),
(766, 18, 'INSERT', 'projetos_ods', 19, 'Associou ODS ID 79', '2025-11-17 13:58:32'),
(767, 18, 'INSERT', 'projetos_ods', 19, 'Associou ODS ID 80', '2025-11-17 13:58:32'),
(768, 18, 'INSERT', 'projetos_ods', 19, 'Associou ODS ID 81', '2025-11-17 13:58:32'),
(769, 18, 'INSERT', 'projetos_ods', 19, 'Associou ODS ID 82', '2025-11-17 13:58:32'),
(770, 18, 'INSERT', 'projetos_ods', 19, 'Associou ODS ID 83', '2025-11-17 13:58:32'),
(771, 18, 'INSERT', 'projetos_ods', 19, 'Associou ODS ID 84', '2025-11-17 13:58:32'),
(772, 18, 'INSERT', 'projetos_ods', 19, 'Associou ODS ID 85', '2025-11-17 13:58:32'),
(773, 18, 'INSERT', 'projetos_ods', 19, 'Associou ODS ID 87', '2025-11-17 13:58:32'),
(774, 18, 'INSERT', 'projetos_ods', 19, 'Associou ODS ID 89', '2025-11-17 13:58:32'),
(775, 18, 'INSERT', 'projetos_ods', 19, 'Associou ODS ID 209', '2025-11-17 13:58:32'),
(776, 18, 'INSERT', 'projetos_ods', 19, 'Associou ODS ID 210', '2025-11-17 13:58:32'),
(777, 18, 'INSERT', 'projetos_ods', 19, 'Associou ODS ID 92', '2025-11-17 13:58:32'),
(778, 18, 'INSERT', 'projetos_ods', 19, 'Associou ODS ID 93', '2025-11-17 13:58:32'),
(779, 18, 'INSERT', 'projetos_ods', 19, 'Associou ODS ID 94', '2025-11-17 13:58:32'),
(780, 18, 'INSERT', 'projetos_ods', 19, 'Associou ODS ID 95', '2025-11-17 13:58:32'),
(781, 18, 'INSERT', 'projetos_ods', 19, 'Associou ODS ID 96', '2025-11-17 13:58:32'),
(782, 18, 'INSERT', 'projetos_ods', 19, 'Associou ODS ID 97', '2025-11-17 13:58:32'),
(783, 18, 'INSERT', 'projetos_ods', 19, 'Associou ODS ID 98', '2025-11-17 13:58:32'),
(784, 18, 'INSERT', 'projetos_ods', 19, 'Associou ODS ID 99', '2025-11-17 13:58:32'),
(785, 18, 'INSERT', 'projetos_ods', 19, 'Associou ODS ID 101', '2025-11-17 13:58:32'),
(786, 18, 'INSERT', 'projetos_ods', 19, 'Associou ODS ID 103', '2025-11-17 13:58:32'),
(787, 18, 'INSERT', 'projetos_ods', 19, 'Associou ODS ID 105', '2025-11-17 13:58:32'),
(788, 18, 'INSERT', 'projetos_ods', 19, 'Associou ODS ID 108', '2025-11-17 13:58:32'),
(789, 18, 'INSERT', 'projetos_ods', 19, 'Associou ODS ID 109', '2025-11-17 13:58:32'),
(790, 18, 'INSERT', 'projetos_ods', 19, 'Associou ODS ID 111', '2025-11-17 13:58:32'),
(791, 18, 'INSERT', 'projetos_ods', 19, 'Associou ODS ID 112', '2025-11-17 13:58:32'),
(792, 18, 'INSERT', 'projetos_ods', 19, 'Associou ODS ID 113', '2025-11-17 13:58:32'),
(793, 18, 'INSERT', 'projetos_ods', 19, 'Associou ODS ID 114', '2025-11-17 13:58:32'),
(794, 18, 'INSERT', 'projetos_ods', 19, 'Associou ODS ID 115', '2025-11-17 13:58:32'),
(795, 18, 'INSERT', 'projetos_ods', 19, 'Associou ODS ID 117', '2025-11-17 13:58:32'),
(796, 18, 'INSERT', 'projetos_ods', 19, 'Associou ODS ID 120', '2025-11-17 13:58:32'),
(797, 18, 'INSERT', 'projetos_ods', 19, 'Associou ODS ID 121', '2025-11-17 13:58:32'),
(798, 18, 'INSERT', 'projetos_ods', 19, 'Associou ODS ID 122', '2025-11-17 13:58:32'),
(799, 18, 'INSERT', 'projetos_ods', 19, 'Associou ODS ID 123', '2025-11-17 13:58:32'),
(800, 18, 'INSERT', 'projetos_ods', 19, 'Associou ODS ID 124', '2025-11-17 13:58:32'),
(801, 18, 'INSERT', 'projetos_ods', 19, 'Associou ODS ID 125', '2025-11-17 13:58:32'),
(802, 18, 'INSERT', 'projetos_ods', 19, 'Associou ODS ID 126', '2025-11-17 13:58:32'),
(803, 18, 'INSERT', 'projetos_ods', 19, 'Associou ODS ID 127', '2025-11-17 13:58:32'),
(804, 18, 'INSERT', 'projetos_ods', 19, 'Associou ODS ID 128', '2025-11-17 13:58:32'),
(805, 18, 'INSERT', 'projetos_ods', 19, 'Associou ODS ID 129', '2025-11-17 13:58:32'),
(806, 18, 'INSERT', 'projetos_ods', 19, 'Associou ODS ID 134', '2025-11-17 13:58:32'),
(807, 18, 'INSERT', 'projetos_ods', 19, 'Associou ODS ID 136', '2025-11-17 13:58:32'),
(808, 18, 'INSERT', 'projetos_ods', 19, 'Associou ODS ID 138', '2025-11-17 13:58:32'),
(809, 18, 'INSERT', 'projetos_ods', 19, 'Associou ODS ID 139', '2025-11-17 13:58:32'),
(810, 18, 'INSERT', 'projetos_ods', 19, 'Associou ODS ID 141', '2025-11-17 13:58:32'),
(811, 18, 'INSERT', 'projetos_ods', 19, 'Associou ODS ID 144', '2025-11-17 13:58:32'),
(812, 18, 'INSERT', 'projetos_ods', 19, 'Associou ODS ID 146', '2025-11-17 13:58:32'),
(813, 18, 'INSERT', 'projetos_ods', 19, 'Associou ODS ID 147', '2025-11-17 13:58:32'),
(814, 18, 'INSERT', 'projetos_ods', 19, 'Associou ODS ID 149', '2025-11-17 13:58:32'),
(815, 18, 'INSERT', 'projetos_ods', 19, 'Associou ODS ID 150', '2025-11-17 13:58:32'),
(816, 18, 'INSERT', 'projetos_ods', 19, 'Associou ODS ID 151', '2025-11-17 13:58:32'),
(817, 18, 'INSERT', 'projetos_ods', 19, 'Associou ODS ID 153', '2025-11-17 13:58:32'),
(818, 18, 'INSERT', 'projetos_ods', 19, 'Associou ODS ID 155', '2025-11-17 13:58:32'),
(819, 18, 'INSERT', 'projetos_ods', 19, 'Associou ODS ID 157', '2025-11-17 13:58:32'),
(820, 18, 'INSERT', 'projetos_ods', 19, 'Associou ODS ID 158', '2025-11-17 13:58:32'),
(821, 18, 'INSERT', 'projetos_ods', 19, 'Associou ODS ID 159', '2025-11-17 13:58:32'),
(822, 18, 'INSERT', 'projetos_ods', 19, 'Associou ODS ID 162', '2025-11-17 13:58:32'),
(823, 18, 'INSERT', 'projetos_ods', 19, 'Associou ODS ID 164', '2025-11-17 13:58:32'),
(824, 18, 'INSERT', 'projetos_ods', 19, 'Associou ODS ID 166', '2025-11-17 13:58:32'),
(825, 18, 'INSERT', 'projetos_ods', 19, 'Associou ODS ID 167', '2025-11-17 13:58:32'),
(826, 18, 'INSERT', 'projetos_ods', 19, 'Associou ODS ID 168', '2025-11-17 13:58:32'),
(827, 18, 'INSERT', 'projetos_ods', 19, 'Associou ODS ID 169', '2025-11-17 13:58:32'),
(828, 18, 'INSERT', 'projetos_ods', 19, 'Associou ODS ID 175', '2025-11-17 13:58:32'),
(829, 18, 'INSERT', 'projetos_ods', 19, 'Associou ODS ID 176', '2025-11-17 13:58:32'),
(830, 18, 'INSERT', 'projetos_ods', 19, 'Associou ODS ID 177', '2025-11-17 13:58:32'),
(831, 18, 'INSERT', 'projetos_ods', 19, 'Associou ODS ID 178', '2025-11-17 13:58:32'),
(832, 18, 'INSERT', 'projetos_ods', 19, 'Associou ODS ID 179', '2025-11-17 13:58:32'),
(833, 18, 'INSERT', 'projetos_ods', 19, 'Associou ODS ID 187', '2025-11-17 13:58:32'),
(834, 18, 'INSERT', 'projetos_ods', 19, 'Associou ODS ID 189', '2025-11-17 13:58:32'),
(835, 18, 'INSERT', 'projetos_ods', 19, 'Associou ODS ID 190', '2025-11-17 13:58:32'),
(836, 18, 'INSERT', 'projetos_ods', 19, 'Associou ODS ID 191', '2025-11-17 13:58:32'),
(837, 18, 'INSERT', 'projetos_ods', 19, 'Associou ODS ID 193', '2025-11-17 13:58:32'),
(838, 18, 'INSERT', 'projetos_ods', 19, 'Associou ODS ID 194', '2025-11-17 13:58:32'),
(839, 18, 'INSERT', 'projetos_ods', 19, 'Associou ODS ID 196', '2025-11-17 13:58:32'),
(840, 18, 'INSERT', 'projetos_ods', 19, 'Associou ODS ID 198', '2025-11-17 13:58:32'),
(841, 18, 'INSERT', 'projetos_ods', 19, 'Associou ODS ID 200', '2025-11-17 13:58:32'),
(842, 18, 'INSERT', 'projetos_ods', 19, 'Associou ODS ID 204', '2025-11-17 13:58:32'),
(843, 18, 'INSERT', 'projetos_ods', 19, 'Associou ODS ID 211', '2025-11-17 13:58:32'),
(844, 1, 'INSERT', 'projetos', 20, 'Projeto criado: Sol Nascente', '2025-11-19 14:00:06'),
(845, 1, 'INSERT', 'projetos_ods', 20, 'Associou ODS ID 206', '2025-11-19 14:00:17'),
(846, 1, 'INSERT', 'projetos_ods', 20, 'Associou ODS ID 38', '2025-11-19 14:00:17'),
(847, 10, 'DELETE', 'projetos_ods', 20, 'Associações ODS removidas do projeto', '2026-01-19 15:47:13'),
(848, 10, 'DELETE', 'projetos', 20, 'Projeto excluído: Sol Nascente', '2026-01-19 15:47:13'),
(849, 10, 'INSERT', 'projetos', 21, 'Projeto criado: Oficina Teste', '2026-01-22 17:36:44'),
(850, 10, 'INSERT', 'projetos_ods', 21, 'Associou ODS ID 66', '2026-01-22 17:37:24'),
(851, 10, 'INSERT', 'projetos_ods', 21, 'Associou ODS ID 68', '2026-01-22 17:37:24'),
(852, 10, 'INSERT', 'projetos_ods', 21, 'Associou ODS ID 103', '2026-01-22 17:37:24'),
(853, 10, 'INSERT', 'projetos_ods', 21, 'Associou ODS ID 105', '2026-01-22 17:37:24'),
(854, 10, 'INSERT', 'projetos_ods', 21, 'Associou ODS ID 108', '2026-01-22 17:37:24'),
(855, 10, 'INSERT', 'projetos_ods', 21, 'Associou ODS ID 8', '2026-01-22 17:47:00'),
(856, 10, 'INSERT', 'projetos_ods', 21, 'Associou ODS ID 9', '2026-01-22 17:47:00'),
(857, 10, 'INSERT', 'projetos_ods', 21, 'Associou ODS ID 12', '2026-01-22 17:47:00'),
(858, 10, 'INSERT', 'projetos_ods', 21, 'Associou ODS ID 18', '2026-01-22 17:47:00'),
(859, 10, 'INSERT', 'projetos_ods', 21, 'Associou ODS ID 22', '2026-01-22 17:47:00'),
(860, 10, 'INSERT', 'projetos_ods', 21, 'Associou ODS ID 13', '2026-01-22 18:33:11'),
(861, 10, 'INSERT', 'projetos_ods', 21, 'Associou ODS ID 14', '2026-01-22 18:33:11'),
(862, 10, 'INSERT', 'projetos', 22, 'Projeto criado: teste mosaico', '2026-01-28 12:10:51'),
(863, 10, 'INSERT', 'projetos_ods', 22, 'Associou ODS ID 7', '2026-01-28 12:11:46'),
(864, 10, 'INSERT', 'projetos_ods', 22, 'Associou ODS ID 8', '2026-01-28 12:11:46'),
(865, 10, 'INSERT', 'projetos_ods', 22, 'Associou ODS ID 9', '2026-01-28 12:11:46'),
(866, 10, 'INSERT', 'projetos_ods', 22, 'Associou ODS ID 15', '2026-01-28 12:11:46'),
(867, 10, 'INSERT', 'projetos_ods', 22, 'Associou ODS ID 111', '2026-01-28 12:11:46'),
(868, 10, 'INSERT', 'projetos_ods', 22, 'Associou ODS ID 189', '2026-01-28 12:11:46'),
(869, 10, 'INSERT', 'projetos_ods', 22, 'Associou ODS ID 190', '2026-01-28 12:11:46'),
(870, 4, 'INSERT', 'projetos', 23, 'Projeto criado: Colaboratório Palmas - TO', '2026-02-12 17:38:06');

-- --------------------------------------------------------

--
-- Estrutura para tabela `ods`
--

CREATE TABLE `ods` (
  `id` int(11) NOT NULL,
  `imagem` varchar(255) COLLATE utf8_unicode_ci NOT NULL,
  `numero_ods` int(11) DEFAULT NULL,
  `nome_ods` varchar(255) COLLATE utf8_unicode_ci DEFAULT NULL,
  `numero_item` varchar(10) COLLATE utf8_unicode_ci NOT NULL,
  `metas_ipea` text COLLATE utf8_unicode_ci NOT NULL,
  `fatores` text COLLATE utf8_unicode_ci NOT NULL,
  `icone_fator` varchar(255) COLLATE utf8_unicode_ci NOT NULL,
  `imagem_ameaca` varchar(255) COLLATE utf8_unicode_ci DEFAULT NULL COMMENT 'Caminho da imagem de Ameaça (A)',
  `imagem_vulnerabilidade` varchar(255) COLLATE utf8_unicode_ci DEFAULT NULL COMMENT 'Caminho da imagem de Vulnerabilidade (V)',
  `imagem_resiliencia` varchar(255) COLLATE utf8_unicode_ci DEFAULT NULL COMMENT 'Caminho da imagem de Resiliência (R)',
  `imagem_sagrado` varchar(255) COLLATE utf8_unicode_ci DEFAULT NULL COMMENT 'Caminho da imagem de Sagrado (S)'
) ENGINE=InnoDB DEFAULT CHARSET=utf8 COLLATE=utf8_unicode_ci;

--
-- Despejando dados para a tabela `ods`
--

INSERT INTO `ods` (`id`, `imagem`, `numero_ods`, `nome_ods`, `numero_item`, `metas_ipea`, `fatores`, `icone_fator`, `imagem_ameaca`, `imagem_vulnerabilidade`, `imagem_resiliencia`, `imagem_sagrado`) VALUES
(2, '1.png', 1, 'ERRADICAÇÃO DA POBREZA', '1.3', 'Implementar medidas de proteção social adequadas em nível nacional, garantindo cobertura substancial para pobres e vulneráveis até 2030.', 'Serviços públicos e políticas de proteção social', 'uploads/1_3.png', 'ODS_1.3_A.png', 'ODS_1.3_V.png', 'ODS_1.3_R.png', 'ODS_1.3_S.png'),
(7, '2.png', 2, 'FOME ZERO E AGRICULTURA SUSTENTÁVEL', '2.1', 'Até 2030, erradicar a fome e garantir acesso a alimentos seguros e nutritivos para todos, especialmente pobres e vulneráveis, incluindo crianças.', 'Alimentos seguros/suficientes e produção sustentável', 'uploads/2_1.png', 'ODS_2.1_A.png', 'ODS_2.1_V.png', 'ODS_2.1_R.png', 'ODS_2.1_S.png'),
(8, '2.png', 2, 'FOME ZERO E AGRICULTURA SUSTENTÁVEL', '2.2', 'Até 2030, eliminar todas as formas de má-nutrição, alcançando até 2025 as metas internacionais sobre nanismo e caquexia em crianças menores de cinco anos, e atender às necessidades nutricionais de adolescentes, mulheres grávidas, lactantes e idosos.', 'Desnutrição', 'uploads/2_2.png', 'ODS_2.2_A.png', 'ODS_2.2_V.png', 'ODS_2.2_R.png', 'ODS_2.2_S.png'),
(9, '2.png', 2, 'FOME ZERO E AGRICULTURA SUSTENTÁVEL', '2.3', 'Até 2030, dobrar a produtividade agrícola e a renda dos pequenos produtores de alimentos, especialmente mulheres, povos indígenas, agricultores familiares, pastores e pescadores, garantindo acesso igual a terra, recursos, serviços financeiros e oportunidades de emprego.', 'Agricultura Familiar ', 'uploads/2_3.png', 'ODS_2.3_A.png', 'ODS_2.3_V.png', 'ODS_2.3_R.png', 'ODS_2.3_S.png'),
(12, '2.png', 2, 'FOME ZERO E AGRICULTURA SUSTENTÁVEL', '2.6', 'Até 2030, dobrar a produtividade agrícola e a renda dos pequenos produtores de alimentos, especialmente mulheres, povos indígenas, agricultores familiares, pastores e pescadores, garantindo acesso igual a terra, recursos, serviços financeiros e oportunidades de emprego.', 'Iniciativas de Economia Solidária', 'uploads/2_6.png', 'ODS_2.6_A.png', 'ODS_2.6_V.png', 'ODS_2.6_R.png', 'ODS_2.6_S.png'),
(13, '2.png', 2, 'FOME ZERO E AGRICULTURA SUSTENTÁVEL', '2.7', 'Até 2030, garantir sistemas sustentáveis de produção de alimentos e práticas agrícolas resilientes que aumentem a produtividade, preservem ecossistemas e melhorem a qualidade do solo, adaptando-se às mudanças climáticas e desastres naturais.', 'Sistemas sustentáveis de produção de alimentos ', 'uploads/2_7.png', 'ODS_2.7_A.png', 'ODS_2.7_V.png', 'ODS_2.7_R.png', 'ODS_2.7_S.png'),
(14, '2.png', 2, 'FOME ZERO E AGRICULTURA SUSTENTÁVEL', '2.8', 'Até 2030, garantir sistemas sustentáveis de produção de alimentos e práticas agrícolas resilientes que aumentem a produtividade, preservem ecossistemas e melhorem a qualidade do solo, adaptando-se às mudanças climáticas e desastres naturais.', 'Produção Orgânica', 'uploads/2_8.png', 'ODS_2.8_A.png', 'ODS_2.8_V.png', 'ODS_2.8_R.png', 'ODS_2.8_S.png'),
(15, '2.png', 2, 'FOME ZERO E AGRICULTURA SUSTENTÁVEL', '2.9', 'Até 2020, preservar a diversidade genética de sementes, plantas e animais, gerindo bancos de sementes e garantindo a repartição justa dos benefícios dos recursos genéticos.', 'Meio-ambiente e ecossistemas', 'uploads/2_9.png', 'ODS_2.9_A.png', 'ODS_2.9_V.png', 'ODS_2.9_R.png', 'ODS_2.9_S.png'),
(18, '3.png', 3, 'SAÚDE E BEM ESTAR', '3.1', 'Até 2030, reduzir a taxa de mortalidade materna global para menos de 70 mortes por 100.000 nascidos vivos ', 'Mortalidade materna', 'uploads/3_1.png', 'ODS_3.1_A.png', 'ODS_3.1_V.png', 'ODS_3.1_R.png', 'ODS_3.1_S.png'),
(19, '3.png', 3, 'SAÚDE E BEM ESTAR', '3.2', 'Até 2030, eliminar mortes evitáveis de recém-nascidos e crianças menores de 5 anos, com a meta de reduzir a mortalidade neonatal para 12 por 1.000 nascidos vivos e a mortalidade infantil para 25 por 1.000.', 'Mortalidade neonatal', 'uploads/3_2.png', 'ODS_3.2_A.png', 'ODS_3.2_V.png', 'ODS_3.2_R.png', 'ODS_3.2_S.png'),
(20, '3.png', 3, 'SAÚDE E BEM ESTAR', '3.3', 'Até 2030, eliminar mortes evitáveis de recém-nascidos e crianças menores de 5 anos, com a meta de reduzir a mortalidade neonatal para 12 por 1.000 nascidos vivos e a mortalidade infantil para 25 por 1.000.', 'Mortalidade infantil', 'uploads/3_3.png', 'ODS_3.3_A.png', 'ODS_3.3_V.png', 'ODS_3.3_R.png', 'ODS_3.3_S.png'),
(21, '3.png', 3, 'SAÚDE E BEM ESTAR', '3.4', 'Até 2030, erradicar epidemias de AIDS, tuberculose, malária e doenças tropicais negligenciadas, além de combater hepatite e outras doenças transmissíveis.', 'Disseminação de doenças e epidemias ', 'uploads/3_4.png', 'ODS_3.4_A.png', 'ODS_3.4_V.png', 'ODS_3.4_R.png', 'ODS_3.4_S.png'),
(22, '3.png', 3, 'SAÚDE E BEM ESTAR', '3.5', 'Até 2030, erradicar epidemias de AIDS, tuberculose, malária e doenças tropicais negligenciadas, além de combater hepatite e outras doenças transmissíveis.', 'Dengue', 'uploads/3_5.png', 'ODS_3.5_A.png', 'ODS_3.5_V.png', 'ODS_3.5_R.png', 'ODS_3.5_S.png'),
(23, '3.png', 3, 'SAÚDE E BEM ESTAR', '3.6', 'Até 2030, erradicar epidemias de AIDS, tuberculose, malária e doenças tropicais negligenciadas, além de combater hepatite e outras doenças transmissíveis.', 'Doenças Transmissíveis', 'uploads/3_6.png', 'ODS_3.6_A.png', 'ODS_3.6_V.png', 'ODS_3.6_R.png', 'ODS_3.6_S.png'),
(24, '3.png', 3, 'SAÚDE E BEM ESTAR', '3.7', 'Até 2030, reduzir em um terço a mortalidade prematura por doenças não transmissíveis por meio de prevenção e tratamento, e promover a saúde mental e o bem estar', 'Doenças não transmissíveis', 'uploads/3_7.png', 'ODS_3.7_A.png', 'ODS_3.7_V.png', 'ODS_3.7_R.png', 'ODS_3.7_S.png'),
(25, '3.png', 3, 'SAÚDE E BEM ESTAR', '3.8', 'Reforçar a prevenção e o tratamento do abuso de sustâncias, incluindo o abuso de drogas entorpecentes e uso nocivo do álcool', 'Uso abusivo de drogas e álcool', 'uploads/3_8.png', 'ODS_3.8_A.png', 'ODS_3.8_V.png', 'ODS_3.8_R.png', 'ODS_3.8_S.png'),
(26, '3.png', 3, 'SAÚDE E BEM ESTAR', '3.9', 'Até 2020, reduzir pela metade as mortes e os ferimentos globais por acidentes em estradas', 'Acidentes em estradas', 'uploads/3_9.png', 'ODS_3.9_A.png', 'ODS_3.9_V.png', 'ODS_3.9_R.png', 'ODS_3.9_S.png'),
(27, '3.png', 3, 'SAÚDE E BEM ESTAR', '3.10', 'Até 2030, garantir acesso universal aos serviços de saúde sexual e reprodutiva, incluindo planejamento familiar e educação, integrando a saúde reprodutiva em estratégias e programas nacionais.', 'Saúde sexual e reprodutiva', 'uploads/3_10.png', 'ODS_3.10_A.png', 'ODS_3.10_V.png', 'ODS_3.10_R.png', 'ODS_3.10_S.png'),
(28, '3.png', 3, 'SAÚDE E BEM ESTAR', '3.11', 'Alcançar a cobertura universal de saúde, garantindo proteção financeira, acesso a serviços de saúde essenciais e a medicamentos e vacinas seguros, eficazes e acessíveis a todos.', 'Serviços de saúde e o acesso a medicamentos e vacinas', 'uploads/3_11.png', 'ODS_3.11_A.png', 'ODS_3.11_V.png', 'ODS_3.11_R.png', 'ODS_3.11_S.png'),
(29, '3.png', 3, 'SAÚDE E BEM ESTAR', '3.12', 'Alcançar a cobertura universal de saúde, garantindo proteção financeira, acesso a serviços de saúde essenciais e a medicamentos e vacinas seguros, eficazes e acessíveis a todos.', 'Plantas medicinais', 'uploads/3_12.png', 'ODS_3.12_A.png', 'ODS_3.12_V.png', 'ODS_3.12_R.png', 'ODS_3.12_S.png'),
(31, '3.png', 3, 'SAÚDE E BEM ESTAR', '3.14', 'Até 2030, reduzir substancialmente o número de mortes e doenças por produtos químicos perigosos e por contaminação e poluição do ar, da água e do solo.', 'Contaminação e poluição do ar, da água e do solo', 'uploads/3_14.png', 'ODS_3.14_A.png', 'ODS_3.14_V.png', 'ODS_3.14_R.png', 'ODS_3.14_S.png'),
(34, '3.png', 3, 'SAÚDE E BEM ESTAR', '3.17', 'Aumentar o financiamento da saúde e melhorar o recrutamento, desenvolvimento, treinamento e retenção de profissionais de saúde em países em desenvolvimento, especialmente nos menos desenvolvidos e em pequenos Estados insulares.', 'Profissionais de saúde', 'uploads/3_17.png', 'ODS_3.17_A.png', 'ODS_3.17_V.png', 'ODS_3.17_R.png', 'ODS_3.17_S.png'),
(35, '3.png', 3, 'SAÚDE E BEM ESTAR', '3.18', 'Aumentar o financiamento da saúde e melhorar o recrutamento, desenvolvimento, treinamento e retenção de profissionais de saúde em países em desenvolvimento, especialmente nos menos desenvolvidos e em pequenos Estados insulares.', 'Gestão de riscos e emergências', 'uploads/3_18.png', 'ODS_3.18_A.png', 'ODS_3.18_V.png', 'ODS_3.18_R.png', 'ODS_3.18_S.png'),
(36, '4.png', 4, 'EDUCAÇÃO DE QUALIDADE', '4.1', 'Até 2030, assegurar que todas as meninas e meninos completem o ensino primário e secundário gratuito, equitativo e de qualidade, com resultados de aprendizagem eficazes.', 'Educação - ensino primário', 'uploads/4_1.png', 'ODS_4.1_A.png', 'ODS_4.1_V.png', 'ODS_4.1_R.png', 'ODS_4.1_S.png'),
(38, '4.png', 4, 'EDUCAÇÃO DE QUALIDADE', '4.3', 'Até 2030, assegurar a igualdade de acesso para todos os homens e mulheres à educação técnica, profissional e superior de qualidade, a preços acessíveis, incluindo universidade.', 'Educação Técnica', 'uploads/4_3.png', 'ODS_4.3_A.png', 'ODS_4.3_V.png', 'ODS_4.3_R.png', 'ODS_4.3_S.png'),
(40, '4.png', 4, 'EDUCAÇÃO DE QUALIDADE', '4.5', 'Até 2030, assegurar a igualdade de acesso para todos os homens e mulheres à educação técnica, profissional e superior de qualidade, a preços acessíveis, incluindo universidade.', 'Educação Superior', 'uploads/4_5.png', 'ODS_4.5_A.png', 'ODS_4.5_V.png', 'ODS_4.5_R.png', 'ODS_4.5_S.png'),
(41, '4.png', 4, 'EDUCAÇÃO DE QUALIDADE', '4.6', 'Até 2030, aumentar significativamente o número de jovens e adultos com habilidades relevantes, incluindo competências técnicas e profissionais, para emprego e empreendedorismo.', 'Tecnologias de informação e comunicação', 'uploads/4_6.png', 'ODS_4.6_A.png', 'ODS_4.6_V.png', 'ODS_4.6_R.png', 'ODS_4.6_S.png'),
(43, '4.png', 4, 'EDUCAÇÃO DE QUALIDADE', '4.8', 'Até 2030, assegurar que todos os jovens e uma proporção significativa de adultos, homens e mulheres, estejam alfabetizados e possuam conhecimentos básicos de matemática.', 'Alfabetização - EJA', 'uploads/4_8.png', 'ODS_4.8_A.png', 'ODS_4.8_V.png', 'ODS_4.8_R.png', 'ODS_4.8_S.png'),
(45, '4.png', 4, 'EDUCAÇÃO DE QUALIDADE', '4.10', 'Até 2030, ampliar significativamente o número de bolsas de estudo para o ensino superior em países em desenvolvimento, especialmente nos menos desenvolvidos, pequenos Estados insulares e países africanos, incluindo programas de formação técnica e científica.', 'Bolsas de estudo', 'uploads/4_10.png', 'ODS_4.10_A.png', 'ODS_4.10_V.png', 'ODS_4.10_R.png', 'ODS_4.10_S.png'),
(46, '4.png', 4, 'EDUCAÇÃO DE QUALIDADE', '4.11', 'Até 2030, aumentar significativamente o número de professores qualificados em países em desenvolvimento, especialmente nos menos desenvolvidos e pequenos Estados insulares, por meio de cooperação internacional na formação de professores.', 'Professores qualificados', 'uploads/4_11.png', 'ODS_4.11_A.png', 'ODS_4.11_V.png', 'ODS_4.11_R.png', 'ODS_4.11_S.png'),
(48, '5.png', 5, 'IGUALDADE DE GÊNERO', '5.2', 'Eliminar todas as formas de violência contra todas as mulheres e meninas nas esferas públicas e privadas, incluindo o tráfico e exploração sexual e de outros tipos.', 'Violência contra mulheres e meninas', 'uploads/5_2.png', 'ODS_5.2_A.png', 'ODS_5.2_V.png', 'ODS_5.2_R.png', 'ODS_5.2_S.png'),
(49, '5.png', 5, 'IGUALDADE DE GÊNERO', '5.3', 'Eliminar todas as práticas nocivas, como os casamentos prematuros, forçados e de crianças e mutilações genitais femininas', ' Casamentos prematuros, forçados e de crianças e mutilações genitais', 'uploads/5_3.png', 'ODS_5.3_A.png', 'ODS_5.3_V.png', 'ODS_5.3_R.png', 'ODS_5.3_S.png'),
(50, '5.png', 5, 'IGUALDADE DE GÊNERO', '5.4', 'Reconhecer e valorizar o trabalho de assistência e doméstico não remunerado através de serviços públicos, infraestrutura, políticas de proteção social e promoção da responsabilidade compartilhada no lar, conforme os contextos nacionais.', 'Trabalho de assistência e doméstico não remunerado', 'uploads/5_4.png', 'ODS_5.4_A.png', 'ODS_5.4_V.png', 'ODS_5.4_R.png', 'ODS_5.4_S.png'),
(54, '5.png', 5, 'IGUALDADE DE GÊNERO', '5.8', 'Implementar reformas para garantir que as mulheres tenham direitos iguais a recursos econômicos, incluindo acesso à propriedade, controle sobre a terra, serviços financeiros e herança, conforme as leis nacionais.', 'Propriedade e controle sobre a terra', 'uploads/5_8.png', 'ODS_5.8_A.png', 'ODS_5.8_V.png', 'ODS_5.8_R.png', 'ODS_5.8_S.png'),
(55, '5.png', 5, 'IGUALDADE DE GÊNERO', '5.9', 'Aumentar o uso de tecnologias de base, em particular as tecnologias de informação e comunicação, para promover o empoderamento das mulheres.', 'Tecnologias de informação e comunicação', 'uploads/5_9.png', 'ODS_5.9_A.png', 'ODS_5.9_V.png', 'ODS_5.9_R.png', 'ODS_5.9_S.png'),
(56, '5.png', 5, 'IGUALDADE DE GÊNERO', '5.10', 'Aumentar o uso de tecnologias de base, em particular as tecnologias de informação e comunicação, para promover o empoderamento das mulheres.', 'Igualdade de oportunidades', 'uploads/5_10.png', 'ODS_5.10_A.png', 'ODS_5.10_V.png', 'ODS_5.10_R.png', 'ODS_5.10_S.png'),
(58, '5.png', 5, 'IGUALDADE DE GÊNERO', '5.12', 'Adotar e fortalecer políticas sólidas e legislação aplicável para a promoção da igualdade de gênero e o empoderamento de todas as mulheres e meninas em todos os níveis.', 'Ação do Estado na coordenação e coerência de políticas para igualdade de gênero', 'uploads/5_12.png', 'ODS_5.12_A.png', 'ODS_5.12_V.png', 'ODS_5.12_R.png', 'ODS_5.12_S.png'),
(60, '6.png', 6, 'ÁGUA POTÁVEL E SANEAMENTO', '6.1', 'Até 2030, alcançar o acesso universal e equitativo à água potável e segura para todos.', 'Acesso à água e saneamento', 'uploads/6_1.png', 'ODS_6.1_A.png', 'ODS_6.1_V.png', 'ODS_6.1_R.png', 'ODS_6.1_S.png'),
(61, '6.png', 6, 'ÁGUA POTÁVEL E SANEAMENTO', '6.2', 'Até 2030, melhorar a qualidade da água reduzindo a poluição, eliminando despejos, minimizando produtos químicos perigosos, reduzindo pela metade águas residuais não tratadas e aumentando a reciclagem e reutilização segura.', 'Contaminação e poluição do ar, da água e do solo', 'uploads/6_2.png', 'ODS_6.2_A.png', 'ODS_6.2_V.png', 'ODS_6.2_R.png', 'ODS_6.2_S.png'),
(62, '6.png', 6, 'ÁGUA POTÁVEL E SANEAMENTO', '6.3', 'Até 2030, melhorar a qualidade da água reduzindo a poluição, eliminando despejos, minimizando produtos químicos perigosos, reduzindo pela metade águas residuais não tratadas e aumentando a reciclagem e reutilização segura.', 'Redução, reciclagem e reúso', 'uploads/6_3.png', 'ODS_6.3_A.png', 'ODS_6.3_V.png', 'ODS_6.3_R.png', 'ODS_6.3_S.png'),
(63, '6.png', 6, 'ÁGUA POTÁVEL E SANEAMENTO', '6.4', 'Até 2030, aumentar a eficiência no uso da água em todos os setores, garantir retiradas sustentáveis e reduzir significativamente o número de pessoas afetadas pela escassez de água.', 'Gestão da água e saneamento - uso da água em todos os setores e escassez', 'uploads/6_4.png', 'ODS_6.4_A.png', 'ODS_6.4_V.png', 'ODS_6.4_R.png', 'ODS_6.4_S.png'),
(64, '6.png', 6, 'ÁGUA POTÁVEL E SANEAMENTO', '6.5', 'Até 2020, proteger e restaurar ecossistemas hídricos, como montanhas, florestas, zonas úmidas, rios, aquíferos e lagos.', 'Meio Ambiente e Ecossistemas', 'uploads/6_5.png', 'ODS_6.5_A.png', 'ODS_6.5_V.png', 'ODS_6.5_R.png', 'ODS_6.5_S.png'),
(65, '6.png', 6, 'ÁGUA POTÁVEL E SANEAMENTO', '6.6', 'Apoiar e fortalecer a participação das comunidades locais, para melhorar a gestão da água e do saneamento.', 'Gestão da água e saneamento - participação das comunidades locais', 'uploads/6_6.png', 'ODS_6.6_A.png', 'ODS_6.6_V.png', 'ODS_6.6_R.png', 'ODS_6.6_S.png'),
(66, '7.png', 7, 'ENERGIA LIMPA E ACESSÍVEL', '7.1', 'Até 2030, assegurar o acesso universal, confiável, moderno e a preço acessíveis a serviços de energia', 'Serviços de Energia', 'uploads/7_1.png', 'ODS_7.1_A.png', 'ODS_7.1_V.png', 'ODS_7.1_R.png', 'ODS_7.1_S.png'),
(68, '7.png', 7, 'ENERGIA LIMPA E ACESSÍVEL', '7.3', 'Até 2030, expandir a infraestrutura e modernizar a tecnologia para fornecer serviços de energia modernos e sustentáveis a todos nos países em desenvolvimento, especialmente nos menos desenvolvidos e em pequenos Estados insulares.', 'Serviços de Energia modernos e sustentáveis', 'uploads/7_3.png', 'ODS_7.3_A.png', 'ODS_7.3_V.png', 'ODS_7.3_R.png', 'ODS_7.3_S.png'),
(70, '8.png', 8, 'TRABALHO DECENTE E CRESCIMENTO ECONÔMICO', '8.2', 'Promover políticas orientadas para o desenvolvimento que apoiem as atividades produtivas, geração de emprego decente, empreendedorismo, criatividade e inovação, e incentivar a formalização e o crescimento das micro, pequenas e médias empresas, inclusive por meio do acesso a serviços financeiros.', 'Geração de emprego e renda', 'uploads/8_2.png', 'ODS_8.2_A.png', 'ODS_8.2_V.png', 'ODS_8.2_R.png', 'ODS_8.2_S.png'),
(71, '8.png', 8, 'TRABALHO DECENTE E CRESCIMENTO ECONÔMICO', '8.3', 'Promover políticas orientadas para o desenvolvimento que apoiem as atividades produtivas, geração de emprego decente, empreendedorismo, criatividade e inovação, e incentivar a formalização e o crescimento das micro, pequenas e médias empresas, inclusive por meio do acesso a serviços financeiros.', 'Empreendedorismo, criatividade e inovação', 'uploads/8_3.png', 'ODS_8.3_A.png', 'ODS_8.3_V.png', 'ODS_8.3_R.png', 'ODS_8.3_S.png'),
(72, '8.png', 8, 'TRABALHO DECENTE E CRESCIMENTO ECONÔMICO', '8.4', 'Promover políticas orientadas para o desenvolvimento que apoiem as atividades produtivas, geração de emprego decente, empreendedorismo, criatividade e inovação, e incentivar a formalização e o crescimento das micro, pequenas e médias empresas, inclusive por meio do acesso a serviços financeiros.', 'Formalização', 'uploads/8_4.png', 'ODS_8.4_A.png', 'ODS_8.4_V.png', 'ODS_8.4_R.png', 'ODS_8.4_S.png'),
(73, '8.png', 8, 'TRABALHO DECENTE E CRESCIMENTO ECONÔMICO', '8.5', 'Promover políticas orientadas para o desenvolvimento que apoiem as atividades produtivas, geração de emprego decente, empreendedorismo, criatividade e inovação, e incentivar a formalização e o crescimento das micro, pequenas e médias empresas, inclusive por meio do acesso a serviços financeiros.', 'Promoção de investimento local', 'uploads/8_5.png', 'ODS_8.5_A.png', 'ODS_8.5_V.png', 'ODS_8.5_R.png', 'ODS_8.5_S.png'),
(74, '8.png', 8, 'TRABALHO DECENTE E CRESCIMENTO ECONÔMICO', '8.6', 'Promover políticas orientadas para o desenvolvimento que apoiem as atividades produtivas, geração de emprego decente, empreendedorismo, criatividade e inovação, e incentivar a formalização e o crescimento das micro, pequenas e médias empresas, inclusive por meio do acesso a serviços financeiros.', 'Iniciativas de Economia Solidária', 'uploads/8_6.png', 'ODS_8.6_A.png', 'ODS_8.6_V.png', 'ODS_8.6_R.png', 'ODS_8.6_S.png'),
(77, '8.png', 8, 'TRABALHO DECENTE E CRESCIMENTO ECONÔMICO', '8.9', 'Até 2020, reduzir substancialmente a proporção de jovens sem emprego, educação ou formação.', 'Desemprego', 'uploads/8_9.png', 'ODS_8.9_A.png', 'ODS_8.9_V.png', 'ODS_8.9_R.png', 'ODS_8.9_S.png'),
(78, '8.png', 8, 'TRABALHO DECENTE E CRESCIMENTO ECONÔMICO', '8.10', 'Até 2020, reduzir substancialmente a proporção de jovens sem emprego, educação ou formação.', 'Educação para trabalho ', 'uploads/8_10.png', 'ODS_8.10_A.png', 'ODS_8.10_V.png', 'ODS_8.10_R.png', 'ODS_8.10_S.png'),
(79, '8.png', 8, 'TRABALHO DECENTE E CRESCIMENTO ECONÔMICO', '8.11', 'Tomar medidas imediatas para erradicar o trabalho forçado, a escravidão moderna e o tráfico de pessoas, eliminando as piores formas de trabalho infantil, incluindo crianças-soldado, e acabar com o trabalho infantil em todas as suas formas até 2025.', 'Trabalho infantil ', 'uploads/8_11.png', 'ODS_8.11_A.png', 'ODS_8.11_V.png', 'ODS_8.11_R.png', 'ODS_8.11_S.png'),
(80, '8.png', 8, 'TRABALHO DECENTE E CRESCIMENTO ECONÔMICO', '8.12', 'Tomar medidas imediatas para erradicar o trabalho forçado, a escravidão moderna e o tráfico de pessoas, eliminando as piores formas de trabalho infantil, incluindo crianças-soldado, e acabar com o trabalho infantil em todas as suas formas até 2025.', 'Trabalho em condições análogas às de escravo', 'uploads/8_12.png', 'ODS_8.12_A.png', 'ODS_8.12_V.png', 'ODS_8.12_R.png', 'ODS_8.12_S.png'),
(81, '8.png', 8, 'TRABALHO DECENTE E CRESCIMENTO ECONÔMICO', '8.13', 'Tomar medidas imediatas para erradicar o trabalho forçado, a escravidão moderna e o tráfico de pessoas, eliminando as piores formas de trabalho infantil, incluindo crianças-soldado, e acabar com o trabalho infantil em todas as suas formas até 2025.', 'Tráfico de pessoas', 'uploads/8_13.png', 'ODS_8.13_A.png', 'ODS_8.13_V.png', 'ODS_8.13_R.png', 'ODS_8.13_S.png'),
(82, '8.png', 8, 'TRABALHO DECENTE E CRESCIMENTO ECONÔMICO', '8.14', 'Proteger os direitos trabalhistas e promover ambientes de trabalho seguros e protegidos para todos os trabalhadores, incluindo os trabalhadores migrantes, em particular as mulheres migrantes, e pessoas em empregos precários.', 'Ambientes de trabalho seguros', 'uploads/8_14.png', 'ODS_8.14_A.png', 'ODS_8.14_V.png', 'ODS_8.14_R.png', 'ODS_8.14_S.png'),
(83, '8.png', 8, 'TRABALHO DECENTE E CRESCIMENTO ECONÔMICO', '8.15', 'Proteger os direitos trabalhistas e promover ambientes de trabalho seguros e protegidos para todos os trabalhadores, incluindo os trabalhadores migrantes, em particular as mulheres migrantes, e pessoas em empregos precários.', 'Direitos fundamentais', 'uploads/8_15.png', 'ODS_8.15_A.png', 'ODS_8.15_V.png', 'ODS_8.15_R.png', 'ODS_8.15_S.png'),
(84, '8.png', 8, 'TRABALHO DECENTE E CRESCIMENTO ECONÔMICO', '8.16', 'Até 2030, elaborar e implementar políticas para promover o turismo sustentável, que gere empregos e promova a cultura e os produtos locais.', 'Ação do Estado na coordenação e coerência de políticas para turismo', 'uploads/8_16.png', 'ODS_8.16_A.png', 'ODS_8.16_V.png', 'ODS_8.16_R.png', 'ODS_8.16_S.png'),
(85, '8.png', 8, 'TRABALHO DECENTE E CRESCIMENTO ECONÔMICO', '8.17', 'Até 2030, elaborar e implementar políticas para promover o turismo sustentável, que gere empregos e promova a cultura e os produtos locais.', 'Geração de emprego e renda relacionado ao turismo', 'uploads/8_17.png', 'ODS_8.17_A.png', 'ODS_8.17_V.png', 'ODS_8.17_R.png', 'ODS_8.17_S.png'),
(87, '8.png', 8, 'TRABALHO DECENTE E CRESCIMENTO ECONÔMICO', '8.19', 'Até 2030, elaborar e implementar políticas para promover o turismo sustentável, que gere empregos e promova a cultura e os produtos locais.', 'Promoção de cultura', 'uploads/8_19.png', 'ODS_8.19_A.png', 'ODS_8.19_V.png', 'ODS_8.19_R.png', 'ODS_8.19_S.png'),
(89, '8.png', 8, 'TRABALHO DECENTE E CRESCIMENTO ECONÔMICO', '8.21', 'Fortalecer instituições financeiras nacionais para ampliar o acesso a serviços bancários, de seguros e financeiros para todos.', 'Serviços bancários', 'uploads/8_21.png', 'ODS_8.21_A.png', 'ODS_8.21_V.png', 'ODS_8.21_R.png', 'ODS_8.21_S.png'),
(92, '9.png', 9, 'INDÚSTRIA, INOVAÇÃO E INFRAESTRUTURA', '9.1', 'Desenvolver infraestrutura de qualidade, sustentável e resiliente, incluindo a regional e transfronteiriça, para apoiar o desenvolvimento econômico e o bem-estar, garantindo acesso equitativo e acessível para todos.', 'Sistema viário', 'uploads/9_1.png', 'ODS_9.1_A.png', 'ODS_9.1_V.png', 'ODS_9.1_R.png', 'ODS_9.1_S.png'),
(93, '9.png', 9, 'INDÚSTRIA, INOVAÇÃO E INFRAESTRUTURA', '9.2', 'Promover a industrialização inclusiva e sustentável, aumentando significativamente a participação da indústria no emprego e no PIB até 2030, e dobrando essa participação nos países menos desenvolvidos.', 'Industrialização inclusiva e sustentável', 'uploads/9_2.png', 'ODS_9.2_A.png', 'ODS_9.2_V.png', 'ODS_9.2_R.png', 'ODS_9.2_S.png'),
(94, '9.png', 9, 'INDÚSTRIA, INOVAÇÃO E INFRAESTRUTURA', '9.3', 'Promover a industrialização inclusiva e sustentável, aumentando significativamente a participação da indústria no emprego e no PIB até 2030, e dobrando essa participação nos países menos desenvolvidos.', 'Geração de emprego e renda pela indústria', 'uploads/9_3.png', 'ODS_9.3_A.png', 'ODS_9.3_V.png', 'ODS_9.3_R.png', 'ODS_9.3_S.png'),
(95, '9.png', 9, 'INDÚSTRIA, INOVAÇÃO E INFRAESTRUTURA', '9.4', 'Aumentar o acesso das pequenas indústrias e empresas, especialmente em países em desenvolvimento, a serviços financeiros e crédito acessível, promovendo sua integração em cadeias de valor e mercados.', 'Crédito para micro e pequenas empresas e cooperativas', 'uploads/9_4.png', 'ODS_9.4_A.png', 'ODS_9.4_V.png', 'ODS_9.4_R.png', 'ODS_9.4_S.png'),
(96, '9.png', 9, 'INDÚSTRIA, INOVAÇÃO E INFRAESTRUTURA', '9.5', 'Até 2030, modernizar a infraestrutura e reabilitar as indústrias para torná-las sustentáveis, com eficiência aumentada no uso de recursos e maior adoção de tecnologias e processos industriais limpos e ambientalmente adequados; com todos os países atuando de acordo com suas respectivas capacidades.', 'Atividades econômicas sustentáveis', 'uploads/9_5.png', 'ODS_9.5_A.png', 'ODS_9.5_V.png', 'ODS_9.5_R.png', 'ODS_9.5_S.png'),
(97, '9.png', 9, 'INDÚSTRIA, INOVAÇÃO E INFRAESTRUTURA', '9.6', 'Até 2030, modernizar a infraestrutura e reabilitar as indústrias para torná-las sustentáveis, com eficiência aumentada no uso de recursos e maior adoção de tecnologias e processos industriais limpos e ambientalmente adequados; com todos os países atuando de acordo com suas respectivas capacidades.', 'Tecnologias ambientalmente corretas', 'uploads/9_6.png', 'ODS_9.6_A.png', 'ODS_9.6_V.png', 'ODS_9.6_R.png', 'ODS_9.6_S.png'),
(98, '9.png', 9, 'INDÚSTRIA, INOVAÇÃO E INFRAESTRUTURA', '9.7', 'Fortalecer a pesquisa científica e as capacidades tecnológicas nos países, especialmente em desenvolvimento, incentivando a inovação e aumentando trabalhadores e gastos em pesquisa até 2030.', 'Pesquisa científica e inovação', 'uploads/9_7.png', 'ODS_9.7_A.png', 'ODS_9.7_V.png', 'ODS_9.7_R.png', 'ODS_9.7_S.png'),
(99, '9.png', 9, 'INDÚSTRIA, INOVAÇÃO E INFRAESTRUTURA', '9.8', 'Facilitar o desenvolvimento de infraestrutura sustentável em países em desenvolvimento, com apoio financeiro e técnico, especialmente para países africanos e menos desenvolvidos.', ' infraestrutura sustentável e resiliente', 'uploads/9_8.png', 'ODS_9.8_A.png', 'ODS_9.8_V.png', 'ODS_9.8_R.png', 'ODS_9.8_S.png'),
(101, '9.png', 9, 'INDÚSTRIA, INOVAÇÃO E INFRAESTRUTURA', '9.10', 'Aumentar o acesso às tecnologias de informação e comunicação, buscando garantir acesso universal e acessível à internet nos países menos desenvolvidos até 2030.', 'Tecnologias de informação e comunicação', 'uploads/9_10.png', 'ODS_9.10_A.png', 'ODS_9.10_V.png', 'ODS_9.10_R.png', 'ODS_9.10_S.png'),
(103, '10.png', 10, 'REDUÇÃO DAS DESIGUALDADES', '10.2', 'Até 2030, empoderar e promover a inclusão social, econômica e política de todos, independentemente da idade, gênero, deficiência, raça, etnia, origem, religião, condição econômica ou outra', 'Empoderamento e inclusão social, econômica e política', 'uploads/10_2.png', 'ODS_10.2_A.png', 'ODS_10.2_V.png', 'ODS_10.2_R.png', 'ODS_10.2_S.png'),
(105, '10.png', 10, 'REDUÇÃO DAS DESIGUALDADES', '10.4', 'Garantir igualdade de oportunidades e reduzir desigualdades, eliminando leis e práticas discriminatórias e promovendo ações adequadas.', 'Igualdade de oportunidades', 'uploads/10_4.png', 'ODS_10.4_A.png', 'ODS_10.4_V.png', 'ODS_10.4_R.png', 'ODS_10.4_S.png'),
(108, '10.png', 10, 'REDUÇÃO DAS DESIGUALDADES', '10.7', 'Adotar políticas, especialmente fiscal, salarial e de proteção social, e alcançar progressivamente uma maior igualdade.', 'Serviços públicos e políticas de proteção social', 'uploads/10_7.png', 'ODS_10.7_A.png', 'ODS_10.7_V.png', 'ODS_10.7_R.png', 'ODS_10.7_S.png'),
(109, '10.png', 10, 'REDUÇÃO DAS DESIGUALDADES', '10.8', 'Melhorar a regulamentação e monitoramento dos mercados e instituições financeiras globais, fortalecendo sua implementação.', 'Regulamentação e monitoramento dos mercados e instituições ', 'uploads/10_8.png', 'ODS_10.8_A.png', 'ODS_10.8_V.png', 'ODS_10.8_R.png', 'ODS_10.8_S.png'),
(111, '10.png', 10, 'REDUÇÃO DAS DESIGUALDADES', '10.10', 'Facilitar a migração e mobilidade segura e responsável, implementando políticas de migração planejadas e bem geridas.', 'Migração', 'uploads/10_10.png', 'ODS_10.10_A.png', 'ODS_10.10_V.png', 'ODS_10.10_R.png', 'ODS_10.10_S.png'),
(112, '11.png', 11, 'CIDADES E COMUNIDADES SUSTENTÁVEIS', '11.1', 'Facilitar a migração e mobilidade segura e responsável, implementando políticas de migração planejadas e bem geridas.', 'Habitação', 'uploads/11_1.png', 'ODS_11.1_A.png', 'ODS_11.1_V.png', 'ODS_11.1_R.png', 'ODS_11.1_S.png'),
(113, '11.png', 11, 'CIDADES E COMUNIDADES SUSTENTÁVEIS', '11.2', 'Até 2030, garantir acesso a sistemas de transporte seguros, acessíveis e sustentáveis, melhorando a segurança rodoviária e atendendo às necessidades de grupos vulneráveis, como mulheres, crianças, pessoas com deficiência e idosos.', 'Transportes seguros', 'uploads/11_2.png', 'ODS_11.2_A.png', 'ODS_11.2_V.png', 'ODS_11.2_R.png', 'ODS_11.2_S.png'),
(114, '11.png', 11, 'CIDADES E COMUNIDADES SUSTENTÁVEIS', '11.3', 'Até 2030, promover a urbanização inclusiva e sustentável, melhorando o planejamento e a gestão de assentamentos humanos participativos e integrados em todos os países.', ' Urbanização e infraestrutura', 'uploads/11_3.png', 'ODS_11.3_A.png', 'ODS_11.3_V.png', 'ODS_11.3_R.png', 'ODS_11.3_S.png'),
(115, '11.png', 11, 'CIDADES E COMUNIDADES SUSTENTÁVEIS', '11.4', 'Fortalecer esforços para proteger e salvaguardar o patrimônio cultural e natural do mundo.', 'Patrimônio cultural e natural', 'uploads/11_4.png', 'ODS_11.4_A.png', 'ODS_11.4_V.png', 'ODS_11.4_R.png', 'ODS_11.4_S.png'),
(117, '11.png', 11, 'CIDADES E COMUNIDADES SUSTENTÁVEIS', '11.6', 'Até 2030, reduzir o impacto ambiental negativo per capita das cidades, inclusive prestando especial atenção à qualidade do ar, gestão de resíduos municipais e outros.', 'Qualidade do ar', 'uploads/11_6.png', 'ODS_11.6_A.png', 'ODS_11.6_V.png', 'ODS_11.6_R.png', 'ODS_11.6_S.png'),
(120, '11.png', 11, 'CIDADES E COMUNIDADES SUSTENTÁVEIS', '11.9', 'Até 2030, proporcionar o acesso universal a espaços públicos seguros, inclusivos, acessíveis e verdes, particularmente para as mulheres e crianças, pessoas idosas e pessoas com deficiência.', 'Esportes', 'uploads/11_9.png', 'ODS_11.9_A.png', 'ODS_11.9_V.png', 'ODS_11.9_R.png', 'ODS_11.9_S.png'),
(121, '11.png', 11, 'CIDADES E COMUNIDADES SUSTENTÁVEIS', '11.10', 'Até 2030, proporcionar o acesso universal a espaços públicos seguros, inclusivos, acessíveis e verdes, particularmente para as mulheres e crianças, pessoas idosas e pessoas com deficiência.', 'Segurança', 'uploads/11_10.png', 'ODS_11.10_A.png', 'ODS_11.10_V.png', 'ODS_11.10_R.png', 'ODS_11.10_S.png'),
(122, '11.png', 11, 'CIDADES E COMUNIDADES SUSTENTÁVEIS', '11.11', 'Até 2030, proporcionar o acesso universal a espaços públicos seguros, inclusivos, acessíveis e verdes, particularmente para as mulheres e crianças, pessoas idosas e pessoas com deficiência.', 'Biblioteca', 'uploads/11_11.png', 'ODS_11.11_A.png', 'ODS_11.11_V.png', 'ODS_11.11_R.png', 'ODS_11.11_S.png'),
(123, '11.png', 11, 'CIDADES E COMUNIDADES SUSTENTÁVEIS', '11.12', 'Até 2030, proporcionar o acesso universal a espaços públicos seguros, inclusivos, acessíveis e verdes, particularmente para as mulheres e crianças, pessoas idosas e pessoas com deficiência.', 'Lazer', 'uploads/11_12.png', 'ODS_11.12_A.png', 'ODS_11.12_V.png', 'ODS_11.12_R.png', 'ODS_11.12_S.png'),
(124, '11.png', 11, 'CIDADES E COMUNIDADES SUSTENTÁVEIS', '11.13', 'Até 2030, proporcionar o acesso universal a espaços públicos seguros, inclusivos, acessíveis e verdes, particularmente para as mulheres e crianças, pessoas idosas e pessoas com deficiência.', 'Violência', 'uploads/11_13.png', 'ODS_11.13_A.png', 'ODS_11.13_V.png', 'ODS_11.13_R.png', 'ODS_11.13_S.png'),
(125, '11.png', 11, 'CIDADES E COMUNIDADES SUSTENTÁVEIS', '11.14', 'Até 2020, aumentar o número de cidades e assentamentos adotando políticas integradas para inclusão, eficiência dos recursos, mitigação e adaptação às mudanças climáticas, e resiliência a desastres, implementando o gerenciamento holístico do risco de desastres conforme o Marco de Sendai.', 'Gestão de riscos e emergências', 'uploads/11_14.png', 'ODS_11.14_A.png', 'ODS_11.14_V.png', 'ODS_11.14_R.png', 'ODS_11.14_S.png'),
(126, '11.png', 11, 'CIDADES E COMUNIDADES SUSTENTÁVEIS', '11.15', 'Até 2020, aumentar o número de cidades e assentamentos adotando políticas integradas para inclusão, eficiência dos recursos, mitigação e adaptação às mudanças climáticas, e resiliência a desastres, implementando o gerenciamento holístico do risco de desastres conforme o Marco de Sendai.', 'Ação do Estado na coordenação e coerência de políticas', 'uploads/11_15.png', 'ODS_11.15_A.png', 'ODS_11.15_V.png', 'ODS_11.15_R.png', 'ODS_11.15_S.png'),
(127, '11.png', 11, 'CIDADES E COMUNIDADES SUSTENTÁVEIS', '11.16', 'Apoiar os países menos desenvolvidos, inclusive por meio de assistência técnica e financeira, para construções sustentáveis e resilientes, utilizando materiais locais.', 'Construções sustentáveis e resilientes', 'uploads/11_16.png', 'ODS_11.16_A.png', 'ODS_11.16_V.png', 'ODS_11.16_R.png', 'ODS_11.16_S.png'),
(128, '11.png', 11, 'CIDADES E COMUNIDADES SUSTENTÁVEIS', '11.17', 'Apoiar os países menos desenvolvidos, inclusive por meio de assistência técnica e financeira, para construções sustentáveis e resilientes, utilizando materiais locais.', 'Parcerias multissetoriais', 'uploads/11_17.png', 'ODS_11.17_A.png', 'ODS_11.17_V.png', 'ODS_11.17_R.png', 'ODS_11.17_S.png'),
(129, '12.png', 12, 'CONSUMO E PRODUÇÃO RESPONSÁVEIS', '12.1', 'Implementar o Plano Decenal sobre Produção e Consumo Sustentáveis, com todos os países agindo e os desenvolvidos liderando, considerando as capacidades dos países em desenvolvimento.', 'Sistemas sustentáveis de produção de alimentos', 'uploads/12_1.png', 'ODS_12.1_A.png', 'ODS_12.1_V.png', 'ODS_12.1_R.png', 'ODS_12.1_S.png'),
(134, '12.png', 12, 'CONSUMO E PRODUÇÃO RESPONSÁVEIS', '12.6', 'Até 2020, garantir o manejo ambientalmente saudável de produtos químicos e resíduos, reduzindo significativamente sua liberação no ar, água e solo, conforme marcos internacionais, para minimizar impactos negativos na saúde e no meio ambiente.', 'Gestão sustentável do meio ambiente e ecossistemas', 'uploads/12_6.png', 'ODS_12.6_A.png', 'ODS_12.6_V.png', 'ODS_12.6_R.png', 'ODS_12.6_S.png'),
(136, '12.png', 12, 'CONSUMO E PRODUÇÃO RESPONSÁVEIS', '12.8', 'Até 2030, reduzir substancialmente a geração de resíduos por meio da prevenção, redução, reciclagem e reúso.', 'Redução, reciclagem e reúso', 'uploads/12_8.png', 'ODS_12.8_A.png', 'ODS_12.8_V.png', 'ODS_12.8_R.png', 'ODS_12.8_S.png'),
(138, '12.png', 12, 'CONSUMO E PRODUÇÃO RESPONSÁVEIS', '12.10', 'Até 2030, reduzir substancialmente a geração de resíduos por meio da prevenção, redução, reciclagem e reúso.', 'Economia circular', 'uploads/12_10.png', 'ODS_12.10_A.png', 'ODS_12.10_V.png', 'ODS_12.10_R.png', 'ODS_12.10_S.png'),
(139, '12.png', 12, 'CONSUMO E PRODUÇÃO RESPONSÁVEIS', '12.11', 'Até 2030, garantir que todos tenham acesso a informações relevantes e conscientização sobre desenvolvimento sustentável e estilos de vida em harmonia com a natureza.', 'Acesso à informação de qualidade', 'uploads/12_11.png', 'ODS_12.11_A.png', 'ODS_12.11_V.png', 'ODS_12.11_R.png', 'ODS_12.11_S.png'),
(141, '12.png', 12, 'CONSUMO E PRODUÇÃO RESPONSÁVEIS', '12.13', 'Apoiar países em desenvolvimento a fortalecer suas capacidades científicas e tecnológicas para mudar para padrões mais sustentáveis de produção e consumo.', 'Tecnologias ambientalmente corretas', 'uploads/12_13.png', 'ODS_12.13_A.png', 'ODS_12.13_V.png', 'ODS_12.13_R.png', 'ODS_12.13_S.png'),
(144, '13.png', 13, 'AÇÃO CONTRA A MUDANÇA GLOBAL DO CLIMA', '13.1', 'Reforçar a resiliência e a capacidade de adaptação a riscos relacionados ao clima e às catástrofes naturais em todos os países.', 'Gestão de riscos e emergências', 'uploads/13_1.png', 'ODS_13.1_A.png', 'ODS_13.1_V.png', 'ODS_13.1_R.png', 'ODS_13.1_S.png'),
(146, '13.png', 13, 'AÇÃO CONTRA A MUDANÇA GLOBAL DO CLIMA', '13.3', 'Melhorar a educação, aumentar a conscientização e a capacidade humana e institucional sobre mitigação, adaptação, redução de impacto e alerta precoce da mudança do clima.', 'Educação para mitigação, adaptação, redução de impacto e alerta precoce da mudança do clima', 'uploads/13_3.png', 'ODS_13.3_A.png', 'ODS_13.3_V.png', 'ODS_13.3_R.png', 'ODS_13.3_S.png'),
(147, '13.png', 13, 'AÇÃO CONTRA A MUDANÇA GLOBAL DO CLIMA', '13.4', 'Promover mecanismos para capacitar o planejamento e a gestão eficaz da mudança climática nos países menos desenvolvidos, com foco em mulheres, jovens e comunidades marginalizadas.', 'Planejamento relacionado à mudança do clima e à gestão eficaz', 'uploads/13_4.png', 'ODS_13.4_A.png', 'ODS_13.4_V.png', 'ODS_13.4_R.png', 'ODS_13.4_S.png'),
(149, '14.png', 14, 'VIDA NA ÁGUA', '14.2', 'Até 2020, gerenciar e proteger ecossistemas marinhos e costeiros de forma sustentável, reforçando sua resiliência e tomando medidas para sua restauração, garantindo oceanos saudáveis e produtivos.', 'Gerenciar e proteger os oceanos, os mares e os recursos marinhos de forma  sustentável ', 'uploads/14_2.png', 'ODS_14.2_A.png', 'ODS_14.2_V.png', 'ODS_14.2_R.png', 'ODS_14.2_S.png'),
(150, '14.png', 14, 'VIDA NA ÁGUA', '14.3', 'Até 2020, gerenciar e proteger ecossistemas marinhos e costeiros de forma sustentável, reforçando sua resiliência e tomando medidas para sua restauração, garantindo oceanos saudáveis e produtivos.', 'Cooperação científica ', 'uploads/14_3.png', 'ODS_14.3_A.png', 'ODS_14.3_V.png', 'ODS_14.3_R.png', 'ODS_14.3_S.png'),
(151, '14.png', 14, 'VIDA NA ÁGUA', '14.4', 'Até 2020, regular a coleta de peixes, acabar com a sobrepesca e práticas destrutivas, e implementar planos de gestão baseados em ciência para restaurar populações de peixes a níveis sustentáveis.', 'Sobrepesca e pesca ilegal - regulação e restauraçõa de populações', 'uploads/14_4.png', 'ODS_14.4_A.png', 'ODS_14.4_V.png', 'ODS_14.4_R.png', 'ODS_14.4_S.png'),
(153, '14.png', 14, 'VIDA NA ÁGUA', '14.6', 'Até 2030, aumentar os benefícios econômicos para pequenos Estados insulares em desenvolvimento e países menos desenvolvidos, promovendo o uso sustentável dos recursos marinhos através da gestão sustentável da pesca, aquicultura e turismo.', 'Gestão sustentável da pesca, aquicultura e turismo', 'uploads/14_6.png', 'ODS_14.6_A.png', 'ODS_14.6_V.png', 'ODS_14.6_R.png', 'ODS_14.6_S.png'),
(155, '14.png', 14, 'VIDA NA ÁGUA', '14.8', 'Proporcionar o acesso dos pescadores artesanais de pequena escala aos recursos marinhos e mercados.', ' Pescadores artesanais', 'uploads/14_8.png', 'ODS_14.8_A.png', 'ODS_14.8_V.png', 'ODS_14.8_R.png', 'ODS_14.8_S.png'),
(157, '15.png', 15, 'VIDA TERRESTRE', '15.1', 'Até 2020, garantir a conservação e uso sustentável de ecossistemas terrestres e de água doce, incluindo florestas, zonas úmidas, montanhas e terras áridas, em conformidade com acordos internacionais.', 'Gestão sustentável do meio ambiente e ecossistemas terrestres e de água doce', 'uploads/15_1.png', 'ODS_15.1_A.png', 'ODS_15.1_V.png', 'ODS_15.1_R.png', 'ODS_15.1_S.png'),
(158, '15.png', 15, 'VIDA TERRESTRE', '15.2', 'Até 2020, promover a gestão sustentável das florestas, deter o desmatamento, restaurar florestas degradadas e aumentar significativamente o reflorestamento globalmente.', 'Promoção da Gestão sustentável do meio ambiente e ecossistemas', 'uploads/15_2.png', 'ODS_15.2_A.png', 'ODS_15.2_V.png', 'ODS_15.2_R.png', 'ODS_15.2_S.png'),
(159, '15.png', 15, 'VIDA TERRESTRE', '15.3', 'Até 2020, promover a gestão sustentável das florestas, deter o desmatamento, restaurar florestas degradadas e aumentar significativamente o reflorestamento globalmente.', 'Desmatamento', 'uploads/15_3.png', 'ODS_15.3_A.png', 'ODS_15.3_V.png', 'ODS_15.3_R.png', 'ODS_15.3_S.png'),
(162, '15.png', 15, 'VIDA TERRESTRE', '15.6', 'Tomar medidas urgentes para reduzir a degradação de habitats naturais, deter a perda de biodiversidade e proteger espécies ameaçadas até 2020.', 'Gestão sustentável do meio ambiente e ecossistemas - especies ameaçadas', 'uploads/15_6.png', 'ODS_15.6_A.png', 'ODS_15.6_V.png', 'ODS_15.6_R.png', 'ODS_15.6_S.png'),
(164, '15.png', 15, 'VIDA TERRESTRE', '15.8', 'Garantir uma repartição justa e equitativa dos benefícios derivados da utilização dos recursos genéticos e promover o acesso adequado aos recursos genéticos.', 'Conhecimentos e práticas tradicionais de conservação e uso sustentável', 'uploads/15_8.png', 'ODS_15.8_A.png', 'ODS_15.8_V.png', 'ODS_15.8_R.png', 'ODS_15.8_S.png'),
(166, '15.png', 15, 'VIDA TERRESTRE', '15.10', 'Tomar medidas urgentes para acabar com a caça ilegal e o tráfico de espécies da flora e fauna protegidas e abordar tanto a demanda quanto a oferta de produtos ilegais da vida selvagem.', 'Tráfico de espécies da flora e fauna', 'uploads/15_10.png', 'ODS_15.10_A.png', 'ODS_15.10_V.png', 'ODS_15.10_R.png', 'ODS_15.10_S.png'),
(167, '15.png', 15, 'VIDA TERRESTRE', '15.11', 'Até 2020, implementar medidas para evitar a introdução e reduzir o impacto de espécies exóticas invasoras em ecossistemas terrestres e aquáticos, controlando ou erradicando espécies prioritárias.', 'Espécies exóticas invasoras ', 'uploads/15_11.png', 'ODS_15.11_A.png', 'ODS_15.11_V.png', 'ODS_15.11_R.png', 'ODS_15.11_S.png'),
(168, '15.png', 15, 'VIDA TERRESTRE', '15.12', 'Até 2020, integrar os valores dos ecossistemas e da biodiversidade no planejamento nacional e local, nas estratégias de desenvolvimento e de redução da pobreza.', 'Gestão sustentável da biodiversidade para o desenvolvimento e redução da pobreza', 'uploads/15_12.png', 'ODS_15.12_A.png', 'ODS_15.12_V.png', 'ODS_15.12_R.png', 'ODS_15.12_S.png'),
(169, '15.png', 15, 'VIDA TERRESTRE', '15.13', 'Mobilizar e aumentar significativamente os recursos financeiros para a conservação e uso sustentável da biodiversidade e dos ecossistemas a partir de todas as fontes.', 'Recursos financeiros para gestão, conservação sustentável da biodiversidade', 'uploads/15_13.png', 'ODS_15.13_A.png', 'ODS_15.13_V.png', 'ODS_15.13_R.png', 'ODS_15.13_S.png'),
(175, '16.png', 16, 'PAZ, JUSTIÇA E INSTITUIÇÕES EFICAZES', '16.5', 'Até 2030, reduzir significativamente os fluxos financeiros e de armas ilegais, fortalecer a recuperação de recursos roubados e combater o crime organizado.', 'Fluxos financeiros e de armas ilegais', 'uploads/16_5.png', 'ODS_16.5_A.png', 'ODS_16.5_V.png', 'ODS_16.5_R.png', 'ODS_16.5_S.png'),
(176, '16.png', 16, 'PAZ, JUSTIÇA E INSTITUIÇÕES EFICAZES', '16.6', 'Reduzir substancialmente a corrupção e o suborno em todas as suas formas.', 'Corrupção e o suborno', 'uploads/16_6.png', 'ODS_16.6_A.png', 'ODS_16.6_V.png', 'ODS_16.6_R.png', 'ODS_16.6_S.png'),
(177, '16.png', 16, 'PAZ, JUSTIÇA E INSTITUIÇÕES EFICAZES', '16.7', 'Desenvolver instituições eficazes, responsáveis e transparentes em todos os níveis.', 'Instituições públicas e privadas em todos os níveis', 'uploads/16_7.png', 'ODS_16.7_A.png', 'ODS_16.7_V.png', 'ODS_16.7_R.png', 'ODS_16.7_S.png'),
(178, '16.png', 16, 'PAZ, JUSTIÇA E INSTITUIÇÕES EFICAZES', '16.8', 'Garantir a tomada de decisão responsiva, inclusiva, participativa e representativa em todos os níveis.', 'Tomada de decisão responsiva, inclusiva e participativa', 'uploads/16_8.png', 'ODS_16.8_A.png', 'ODS_16.8_V.png', 'ODS_16.8_R.png', 'ODS_16.8_S.png'),
(179, '16.png', 16, 'PAZ, JUSTIÇA E INSTITUIÇÕES EFICAZES', '16.10', 'Até 2030, fornecer identidade legal para todos, incluindo o registro de nascimento.', 'Direitos fundamentais - Registro de Nascimento e Registro geral/RG', 'uploads/16_10.png', 'ODS_16.10_A.png', 'ODS_16.10_V.png', 'ODS_16.10_R.png', 'ODS_16.10_S.png'),
(187, '17.png', 17, 'PARCERIA E MEIOS DE IMPLEMENTAÇÃO', '17.3', 'Promover o desenvolvimento e a transferência de tecnologias ambientalmente corretas para países em desenvolvimento, em condições favoráveis e acordadas mutuamente.', 'Tecnologias ambientalmente corretas', 'uploads/17_3.png', 'ODS_17.3_A.png', 'ODS_17.3_V.png', 'ODS_17.3_R.png', 'ODS_17.3_S.png'),
(189, '17.png', 17, 'PARCERIA E MEIOS DE IMPLEMENTAÇÃO', '17.5', 'Aumentar a coerência das políticas para o desenvolvimento sustentável.', 'Ação do Estado na coordenação e coerência de políticas', 'uploads/17_5.png', 'ODS_17.5_A.png', 'ODS_17.5_V.png', 'ODS_17.5_R.png', 'ODS_17.5_S.png'),
(190, '17.png', 17, 'PARCERIA E MEIOS DE IMPLEMENTAÇÃO', '17.6', 'Reforçar parcerias globais para o desenvolvimento sustentável, mobilizando e compartilhando conhecimento, tecnologia e recursos financeiros para apoiar os Objetivos do Desenvolvimento Sustentável, especialmente em países em desenvolvimento.', 'Parcerias multissetoriais', 'uploads/17_6.png', 'ODS_17.6_A.png', 'ODS_17.6_V.png', 'ODS_17.6_R.png', 'ODS_17.6_S.png'),
(191, '17.png', 17, 'PARCERIA E MEIOS DE IMPLEMENTAÇÃO', '17.7', 'Até 2020, reforçar o apoio à capacitação para os países em desenvolvimento, inclusive para os países menos desenvolvidos e pequenos Estados insulares em desenvolvimento, para aumentar significativamente a disponibilidade de dados de alta qualidade, atuais e confiáveis, desagregados por renda, gênero, idade, raça, etnia, status migratório, deficiência, localização geográfica e outras características relevantes em contextos nacionais.', 'Apoio a Instituições públicas, privadas e com a sociedade civil', 'uploads/17_7.png', 'ODS_17.7_A.png', 'ODS_17.7_V.png', 'ODS_17.7_R.png', 'ODS_17.7_S.png'),
(193, '17.png', 17, 'PARCERIA E MEIOS DE IMPLEMENTAÇÃO', '17.9', 'Até 2020, reforçar o apoio à capacitação para os países em desenvolvimento, inclusive para os países menos desenvolvidos e pequenos Estados insulares em desenvolvimento, para aumentar significativamente a disponibilidade de dados de alta qualidade, atuais e confiáveis, desagregados por renda, gênero, idade, raça, etnia, status migratório, deficiência, localização geográfica e outras características relevantes em contextos nacionais.', 'Experiências das estratégias de mobilização', 'uploads/17_9.png', 'ODS_17.9_A.png', 'ODS_17.9_V.png', 'ODS_17.9_R.png', 'ODS_17.9_S.png'),
(194, '18.png', 18, 'IGUALDADE ÉTNICO-RACIAL', '18.1', 'Erradicação de todas as formas de discriminação racial contra todos os homens e mulheres, meninos e meninas em toda parte', 'Discriminação racial - todas as formas', 'uploads/18_1.png', 'ODS_18.1_A.png', 'ODS_18.1_V.png', 'ODS_18.1_R.png', 'ODS_18.1_S.png'),
(196, '18.png', 18, 'IGUALDADE ÉTNICO-RACIAL', '18.3', 'Políticas de proteção imediata para pessoas em situação de vulnerabilidade social, independentemente de raça ou etnia, que promovam a garantia de acesso aos direitos constitucionais essenciais e atendimento de necessidades básicas; incluindo também políticas que promovam a resiliência de pessoas em situação de vulnerabilidade diante de desastres naturais e eventos extremos relacionados ao clima, desastres econômicos, sociais, ambientais e de saúde (como pandemias);', 'Direitos fundamentais  pessoas em situação de vulnerabilidade social', 'uploads/18_3.png', 'ODS_18.3_A.png', 'ODS_18.3_V.png', 'ODS_18.3_R.png', 'ODS_18.3_S.png'),
(198, '18.png', 18, 'IGUALDADE ÉTNICO-RACIAL', '18.5', 'Políticas de proteção imediata para pessoas em situação de vulnerabilidade social, independentemente de raça ou etnia, que promovam a garantia de acesso aos direitos constitucionais essenciais e atendimento de necessidades básicas; incluindo também políticas que promovam a resiliência de pessoas em situação de vulnerabilidade diante de desastres naturais e eventos extremos relacionados ao clima, desastres econômicos, sociais, ambientais e de saúde (como pandemias);', 'Serviços públicos e políticas de proteção social  para pessoas em situação de vulnerabilidade social', 'uploads/18_5.png', 'ODS_18.5_A.png', 'ODS_18.5_V.png', 'ODS_18.5_R.png', 'ODS_18.5_S.png'),
(200, '18.png', 18, 'IGUALDADE ÉTNICO-RACIAL', '18.7', 'Políticas sólidas e legislação aplicável para a promoção da igualdade racial e para o enfrentamento ao preconceito, à discriminação e ao racismo em todos os níveis, abordando-os em suas interseccionalidades e múltiplas dimensões para estratégias de combate eficazes, contribuindo com a ampliação das vozes das pessoas em condições de vulnerabilidade;', ' Igualdade racial', 'uploads/18_7.png', 'ODS_18.7_A.png', 'ODS_18.7_V.png', 'ODS_18.7_R.png', 'ODS_18.7_S.png'),
(204, '18.png', 18, 'IGUALDADE ÉTNICO-RACIAL', '18.11', 'Garantia plena de direitos iguais aos recursos econômicos, bem como o acesso a serviços básicos, propriedade e controle sobre a terra, com a titulação dos remanescentes de quilombo, e outras formas de propriedade, recursos naturais, tecnologias apropriadas e serviços financeiros.', 'Igualdade de direitos à propriedade e controle da terra.', 'uploads/18_11.png', 'ODS_18.11_A.png', 'ODS_18.11_V.png', 'ODS_18.11_R.png', 'ODS_18.11_S.png'),
(206, '1.png', 1, 'ERRADICAÇÃO DA POBREZA', '1.1', 'Até 2030, o objetivo é reduzir pela metade a proporção de pessoas, independentemente da idade ou gênero, que vivem na pobreza em todas as suas dimensões, conforme as definições nacionais', 'Pobreza', 'uploads/1.1.png', 'ODS_1.1_A.png', 'ODS_1.1_V.png', 'ODS_1.1_R.png', 'ODS_1.1_S.png'),
(207, '3.png', 3, 'SAÚDE E BEM ESTAR', '3.19', 'Saúde Mental', 'Saúde Mental', 'ODS_3_19.png', 'ODS_3.19_A.png', 'ODS_3.19_V.png', 'ODS_3.19_R.png', 'ODS_3.19_S.png'),
(208, '3.png', 3, 'SAÚDE E BEM ESTAR', '3.20', 'Saúde do Idoso', 'Saúde do Idoso', 'ODS_3_20.png', 'ODS_3.20_A.png', 'ODS_3.20_V.png', 'ODS_3.20_R.png', 'ODS_3.20_S.png'),
(209, '8.png', 8, 'TRABALHO DECENTE E CRESCIMENTO ECONÔMICO', '8.23', 'Até 2030, desenvolver e operacionalizar uma estratégia global para o emprego dos jovens e implementar o Pacto Mundial para o Emprego da OIT.', 'Sucessão Rural', 'ODS_8_23.png', 'ODS_8.23_A.png', 'ODS_8.23_V.png', 'ODS_8.23_R.png', 'ODS_8.23_S.png'),
(210, '8.png', 8, 'TRABALHO DECENTE E CRESCIMENTO ECONÔMICO', '8.24', 'Trabalho para Idosos', 'Trabalho para Idosos', 'ODS_8_24.png', 'ODS_8.24_A.png', 'ODS_8.24_V.png', 'ODS_8.24_R.png', 'ODS_8.24_S.png');
INSERT INTO `ods` (`id`, `imagem`, `numero_ods`, `nome_ods`, `numero_item`, `metas_ipea`, `fatores`, `icone_fator`, `imagem_ameaca`, `imagem_vulnerabilidade`, `imagem_resiliencia`, `imagem_sagrado`) VALUES
(211, '18.png', 18, 'IGUALDADE ÉTNICO-RACIAL', '18.12', 'Memória e Identidade', 'Memória e Identidade', 'ODS_18_12.png', 'ODS_18.12_A.png', 'ODS_18.12_V.png', 'ODS_18.12_R.png', 'ODS_18.12_S.png');

-- --------------------------------------------------------

--
-- Estrutura para tabela `projetos`
--

CREATE TABLE `projetos` (
  `id` int(11) NOT NULL,
  `id_usuario` int(11) NOT NULL,
  `nome_projeto` varchar(255) NOT NULL,
  `descricao` text,
  `criado_em` datetime DEFAULT CURRENT_TIMESTAMP
) ENGINE=InnoDB DEFAULT CHARSET=utf8mb4;

--
-- Despejando dados para a tabela `projetos`
--

INSERT INTO `projetos` (`id`, `id_usuario`, `nome_projeto`, `descricao`, `criado_em`) VALUES
(3, 4, 'Curso Seminário - Novos icones', 'Território Saudável e Sustentável no Brasil', '2025-05-20 17:02:13'),
(9, 4, 'TSSS BAHIA', 'Projeto Quintais Produtivos e Desenvolvimento Territorial Saudável, Sustentável e Solidário no Território Baiano.', '2025-08-05 10:03:18'),
(13, 4, 'Curso Seminário - Novos icones para oficina', 'Escolha dos icones', '2025-09-11 16:04:12'),
(18, 4, 'Diálogos Prospectivos Territorial - Pinhão - Paraná', 'Oficina de prospectiva territorial com cooperativas, associações, universidade e governo de Pinhão no Paraná.', '2025-11-03 10:20:50'),
(19, 18, 'Rascunho - exportar ícones', '', '2025-11-17 10:55:45'),
(21, 10, 'Oficina Teste', 'Teste', '2026-01-22 14:36:44'),
(22, 10, 'teste mosaico', '', '2026-01-28 09:10:51'),
(23, 4, 'Colaboratório Palmas - TO', 'Implantação da Plataforma de Inteligência Cooperativa para a Atenção Primária à Saúde (Picaps) no Tocantins, mobilizando a academia, o governo estadual e municipal. A Oficina de Diálogos Prospectivos Territoriais contará com a participação da Fiocruz Brasília, a UFT, a SES-TO e a SMS-Palmas, avaliando oportunidades e integração interinstitucional', '2026-02-12 14:38:06');

-- --------------------------------------------------------

--
-- Estrutura para tabela `projetos_ods`
--

CREATE TABLE `projetos_ods` (
  `id` int(11) NOT NULL,
  `id_projeto` int(11) NOT NULL,
  `id_ods` int(11) NOT NULL
) ENGINE=InnoDB DEFAULT CHARSET=utf8mb4;

--
-- Despejando dados para a tabela `projetos_ods`
--

INSERT INTO `projetos_ods` (`id`, `id_projeto`, `id_ods`) VALUES
(85, 9, 206),
(86, 9, 2),
(87, 9, 7),
(88, 9, 8),
(89, 9, 9),
(90, 9, 12),
(91, 9, 13),
(92, 9, 14),
(93, 9, 15),
(94, 9, 18),
(95, 9, 19),
(96, 9, 20),
(97, 9, 21),
(98, 9, 22),
(99, 9, 23),
(100, 9, 24),
(101, 9, 25),
(102, 9, 26),
(103, 9, 27),
(104, 9, 28),
(105, 9, 29),
(106, 9, 31),
(107, 9, 34),
(108, 9, 35),
(109, 9, 36),
(110, 9, 38),
(111, 9, 40),
(112, 9, 41),
(113, 9, 43),
(114, 9, 45),
(115, 9, 46),
(116, 9, 48),
(117, 9, 49),
(118, 9, 50),
(119, 9, 54),
(120, 9, 55),
(121, 9, 56),
(122, 9, 58),
(123, 9, 60),
(124, 9, 61),
(125, 9, 62),
(126, 9, 63),
(127, 9, 64),
(128, 9, 65),
(129, 9, 66),
(130, 9, 68),
(131, 9, 70),
(132, 9, 71),
(133, 9, 72),
(134, 9, 73),
(135, 9, 74),
(136, 9, 77),
(137, 9, 78),
(138, 9, 79),
(139, 9, 80),
(140, 9, 81),
(141, 9, 82),
(142, 9, 83),
(143, 9, 84),
(144, 9, 85),
(145, 9, 87),
(146, 9, 89),
(147, 9, 92),
(148, 9, 93),
(149, 9, 94),
(150, 9, 95),
(151, 9, 96),
(152, 9, 97),
(153, 9, 103),
(154, 9, 105),
(155, 9, 108),
(156, 9, 111),
(157, 9, 112),
(158, 9, 113),
(159, 9, 114),
(160, 9, 115),
(161, 9, 117),
(162, 9, 120),
(163, 9, 121),
(164, 9, 122),
(165, 9, 123),
(166, 9, 124),
(167, 9, 125),
(168, 9, 126),
(169, 9, 127),
(170, 9, 129),
(171, 9, 134),
(172, 9, 136),
(173, 9, 138),
(174, 9, 139),
(175, 9, 141),
(176, 9, 144),
(177, 9, 146),
(178, 9, 147),
(179, 9, 175),
(180, 9, 176),
(181, 9, 177),
(182, 9, 178),
(183, 9, 179),
(184, 9, 187),
(185, 9, 189),
(186, 9, 190),
(187, 9, 191),
(188, 9, 193),
(189, 9, 194),
(190, 9, 196),
(191, 9, 198),
(192, 9, 200),
(193, 9, 204),
(212, 3, 9),
(213, 3, 12),
(227, 3, 28),
(229, 3, 31),
(283, 3, 114),
(299, 3, 144),
(323, 3, 190),
(329, 3, 200),
(331, 13, 9),
(332, 13, 12),
(333, 13, 28),
(334, 13, 31),
(335, 13, 114),
(337, 13, 144),
(338, 13, 190),
(339, 13, 200),
(340, 9, 157),
(341, 9, 158),
(342, 9, 159),
(343, 9, 162),
(344, 9, 164),
(345, 9, 166),
(346, 9, 168),
(364, 18, 206),
(365, 18, 2),
(366, 18, 7),
(367, 18, 8),
(368, 18, 9),
(369, 18, 12),
(370, 18, 13),
(371, 18, 14),
(372, 18, 15),
(373, 18, 18),
(374, 18, 19),
(375, 18, 20),
(376, 18, 21),
(377, 18, 22),
(378, 18, 23),
(379, 18, 24),
(380, 18, 25),
(381, 18, 26),
(382, 18, 27),
(383, 18, 28),
(384, 18, 29),
(385, 18, 31),
(386, 18, 34),
(387, 18, 35),
(388, 18, 36),
(389, 18, 38),
(390, 18, 40),
(391, 18, 41),
(392, 18, 43),
(393, 18, 45),
(394, 18, 46),
(395, 18, 48),
(396, 18, 50),
(397, 18, 54),
(398, 18, 55),
(399, 18, 56),
(400, 18, 58),
(401, 18, 60),
(402, 18, 61),
(403, 18, 62),
(404, 18, 63),
(405, 18, 64),
(406, 18, 65),
(407, 18, 66),
(408, 18, 68),
(409, 18, 70),
(410, 18, 71),
(411, 18, 72),
(412, 18, 73),
(413, 18, 74),
(414, 18, 77),
(415, 18, 78),
(416, 18, 79),
(417, 18, 80),
(418, 18, 82),
(419, 18, 83),
(420, 18, 85),
(421, 18, 87),
(422, 18, 92),
(423, 18, 93),
(424, 18, 94),
(425, 18, 95),
(426, 18, 96),
(427, 18, 97),
(428, 18, 98),
(429, 18, 99),
(430, 18, 101),
(431, 18, 103),
(432, 18, 105),
(433, 18, 108),
(434, 18, 109),
(435, 18, 112),
(436, 18, 113),
(437, 18, 114),
(438, 18, 115),
(439, 18, 117),
(440, 18, 120),
(441, 18, 121),
(442, 18, 122),
(443, 18, 123),
(444, 18, 124),
(445, 18, 127),
(446, 18, 129),
(447, 18, 134),
(448, 18, 136),
(449, 18, 138),
(450, 18, 139),
(451, 18, 141),
(452, 18, 144),
(453, 18, 146),
(454, 18, 147),
(455, 18, 150),
(456, 18, 153),
(457, 18, 155),
(458, 18, 157),
(459, 18, 158),
(460, 18, 159),
(461, 18, 162),
(462, 18, 164),
(463, 18, 166),
(464, 18, 167),
(465, 18, 168),
(466, 18, 169),
(467, 18, 175),
(468, 18, 176),
(469, 18, 177),
(470, 18, 178),
(471, 18, 179),
(472, 18, 187),
(473, 18, 189),
(474, 18, 190),
(475, 18, 191),
(476, 18, 193),
(477, 18, 194),
(478, 18, 196),
(479, 18, 198),
(480, 18, 200),
(481, 18, 204),
(482, 18, 207),
(483, 18, 208),
(484, 18, 209),
(485, 18, 210),
(486, 18, 211),
(487, 3, 206),
(488, 3, 2),
(489, 3, 7),
(490, 3, 8),
(491, 3, 13),
(492, 3, 14),
(493, 3, 15),
(494, 3, 18),
(495, 3, 19),
(496, 3, 20),
(497, 3, 21),
(498, 3, 22),
(499, 3, 23),
(500, 3, 24),
(501, 3, 25),
(502, 3, 26),
(503, 3, 27),
(504, 3, 29),
(505, 3, 34),
(506, 3, 35),
(507, 3, 207),
(508, 3, 208),
(509, 3, 36),
(510, 3, 38),
(511, 3, 40),
(512, 3, 41),
(513, 3, 43),
(514, 3, 45),
(515, 3, 46),
(516, 3, 48),
(517, 3, 49),
(518, 3, 50),
(519, 3, 54),
(520, 3, 55),
(521, 3, 56),
(522, 3, 58),
(523, 3, 60),
(524, 3, 61),
(525, 3, 62),
(526, 3, 63),
(527, 3, 64),
(528, 3, 65),
(529, 3, 66),
(530, 3, 68),
(531, 3, 70),
(532, 3, 71),
(533, 3, 72),
(534, 3, 73),
(535, 3, 74),
(536, 3, 77),
(537, 3, 78),
(538, 3, 79),
(539, 3, 80),
(540, 3, 81),
(541, 3, 82),
(542, 3, 83),
(543, 3, 84),
(544, 3, 85),
(545, 3, 87),
(546, 3, 89),
(547, 3, 209),
(548, 3, 210),
(549, 3, 92),
(550, 3, 93),
(551, 3, 94),
(552, 3, 95),
(553, 3, 96),
(554, 3, 97),
(555, 3, 98),
(556, 3, 99),
(557, 3, 101),
(558, 3, 103),
(559, 3, 105),
(560, 3, 108),
(561, 3, 109),
(562, 3, 111),
(563, 3, 112),
(564, 3, 113),
(565, 3, 115),
(566, 3, 117),
(567, 3, 120),
(568, 3, 121),
(569, 3, 122),
(570, 3, 123),
(571, 3, 124),
(572, 3, 125),
(573, 3, 126),
(574, 3, 127),
(575, 3, 128),
(576, 3, 129),
(577, 3, 134),
(578, 3, 136),
(579, 3, 138),
(580, 3, 139),
(581, 3, 141),
(582, 3, 146),
(583, 3, 147),
(584, 3, 149),
(585, 3, 150),
(586, 3, 151),
(587, 3, 153),
(588, 3, 155),
(589, 3, 157),
(590, 3, 158),
(591, 3, 159),
(592, 3, 162),
(593, 3, 164),
(594, 3, 166),
(595, 3, 167),
(596, 3, 168),
(597, 3, 169),
(598, 3, 175),
(599, 3, 176),
(600, 3, 177),
(601, 3, 178),
(602, 3, 179),
(603, 3, 187),
(604, 3, 189),
(605, 3, 191),
(606, 3, 193),
(607, 3, 194),
(608, 3, 196),
(609, 3, 198),
(610, 3, 204),
(611, 3, 211),
(612, 19, 206),
(613, 19, 2),
(614, 19, 7),
(615, 19, 8),
(616, 19, 9),
(617, 19, 12),
(618, 19, 13),
(619, 19, 14),
(620, 19, 15),
(621, 19, 18),
(622, 19, 19),
(623, 19, 20),
(624, 19, 21),
(625, 19, 22),
(626, 19, 23),
(627, 19, 24),
(628, 19, 25),
(629, 19, 26),
(630, 19, 27),
(631, 19, 28),
(632, 19, 29),
(633, 19, 31),
(634, 19, 34),
(635, 19, 35),
(636, 19, 207),
(637, 19, 208),
(638, 19, 36),
(639, 19, 38),
(640, 19, 40),
(641, 19, 41),
(642, 19, 43),
(643, 19, 45),
(644, 19, 46),
(645, 19, 48),
(646, 19, 49),
(647, 19, 50),
(648, 19, 54),
(649, 19, 55),
(650, 19, 56),
(651, 19, 58),
(652, 19, 60),
(653, 19, 61),
(654, 19, 62),
(655, 19, 63),
(656, 19, 64),
(657, 19, 65),
(658, 19, 66),
(659, 19, 68),
(660, 19, 70),
(661, 19, 71),
(662, 19, 72),
(663, 19, 73),
(664, 19, 74),
(665, 19, 77),
(666, 19, 78),
(667, 19, 79),
(668, 19, 80),
(669, 19, 81),
(670, 19, 82),
(671, 19, 83),
(672, 19, 84),
(673, 19, 85),
(674, 19, 87),
(675, 19, 89),
(676, 19, 209),
(677, 19, 210),
(678, 19, 92),
(679, 19, 93),
(680, 19, 94),
(681, 19, 95),
(682, 19, 96),
(683, 19, 97),
(684, 19, 98),
(685, 19, 99),
(686, 19, 101),
(687, 19, 103),
(688, 19, 105),
(689, 19, 108),
(690, 19, 109),
(691, 19, 111),
(692, 19, 112),
(693, 19, 113),
(694, 19, 114),
(695, 19, 115),
(696, 19, 117),
(697, 19, 120),
(698, 19, 121),
(699, 19, 122),
(700, 19, 123),
(701, 19, 124),
(702, 19, 125),
(703, 19, 126),
(704, 19, 127),
(705, 19, 128),
(706, 19, 129),
(707, 19, 134),
(708, 19, 136),
(709, 19, 138),
(710, 19, 139),
(711, 19, 141),
(712, 19, 144),
(713, 19, 146),
(714, 19, 147),
(715, 19, 149),
(716, 19, 150),
(717, 19, 151),
(718, 19, 153),
(719, 19, 155),
(720, 19, 157),
(721, 19, 158),
(722, 19, 159),
(723, 19, 162),
(724, 19, 164),
(725, 19, 166),
(726, 19, 167),
(727, 19, 168),
(728, 19, 169),
(729, 19, 175),
(730, 19, 176),
(731, 19, 177),
(732, 19, 178),
(733, 19, 179),
(734, 19, 187),
(735, 19, 189),
(736, 19, 190),
(737, 19, 191),
(738, 19, 193),
(739, 19, 194),
(740, 19, 196),
(741, 19, 198),
(742, 19, 200),
(743, 19, 204),
(744, 19, 211),
(747, 21, 66),
(748, 21, 68),
(749, 21, 103),
(750, 21, 105),
(751, 21, 108),
(752, 21, 8),
(753, 21, 9),
(754, 21, 12),
(755, 21, 18),
(756, 21, 22),
(757, 21, 13),
(758, 21, 14),
(759, 22, 7),
(760, 22, 8),
(761, 22, 9),
(762, 22, 15),
(763, 22, 111),
(764, 22, 189),
(765, 22, 190);

-- --------------------------------------------------------

--
-- Estrutura para tabela `recuperacao_senhas`
--

CREATE TABLE `recuperacao_senhas` (
  `id` int(11) NOT NULL,
  `id_usuario` int(11) NOT NULL,
  `token` varchar(100) NOT NULL,
  `validade` datetime NOT NULL
) ENGINE=InnoDB DEFAULT CHARSET=utf8mb4;

--
-- Despejando dados para a tabela `recuperacao_senhas`
--

INSERT INTO `recuperacao_senhas` (`id`, `id_usuario`, `token`, `validade`) VALUES
(1, 1, 'c1e23b13a5932a7000f7ad567acb00cb', '2025-05-06 00:47:21'),
(2, 1, 'b0275e6923414e44fe418b98d4060304', '2025-05-06 00:52:42'),
(3, 8, 'a410093c98e5dabb0f5b7aede02128fa', '2025-08-18 15:50:30'),
(4, 8, '9c274cb6036fe3c1a8b410103eb4f64c', '2025-08-18 15:50:31'),
(5, 4, '1b433d1504cf9651a31b1c6cfd416a43', '2025-09-08 10:57:36'),
(7, 15, '17ecaaaa4961d1b4bdfa76859b8c208e', '2025-11-08 22:50:46'),
(8, 14, '59bec014cb7d347f1338606e2771ac06', '2025-11-08 22:50:48');

-- --------------------------------------------------------

--
-- Estrutura para tabela `usuarios`
--

CREATE TABLE `usuarios` (
  `id` int(11) NOT NULL,
  `nome` varchar(100) NOT NULL,
  `email` varchar(100) NOT NULL,
  `senha` varchar(255) NOT NULL,
  `perfil` enum('admin','usuario') NOT NULL,
  `criado_em` datetime DEFAULT CURRENT_TIMESTAMP,
  `ativo` tinyint(4) DEFAULT '1'
) ENGINE=InnoDB DEFAULT CHARSET=utf8mb4;

--
-- Despejando dados para a tabela `usuarios`
--

INSERT INTO `usuarios` (`id`, `nome`, `email`, `senha`, `perfil`, `criado_em`, `ativo`) VALUES
(1, 'Teste gleidson', 'bob_glei@hotmail.com', '$2y$10$oAqcTfpD1n3NbtyXUB0ZhuLKpdPLYkExFhBV98zc9A/9B5Xicsdky', 'admin', '2025-04-21 23:09:18', 1),
(2, 'Administrador', 'admin@sistema.com', '$2y$10$UazOugXfMKx2J.fZg.qHReS9Qa0ss1z5BMJzUoAPOcm5PPqQrffKO', 'admin', '2025-04-22 10:38:36', 1),
(3, 'Usuário Teste', 'usuario@sistema.com', '$2y$10$UazOugXfMKx2J.fZg.qHReS9Qa0ss1z5BMJzUoAPOcm5PPqQrffKO', 'usuario', '2025-04-22 10:38:36', 1),
(4, 'Alba Mendes', 'alba.mendes@fiocruz.br', '$2y$10$DyNzGAGbFyIUSWtswkfDru0wr38iXS/duYsqorDa3pG.oVc1Fw4wq', 'admin', '2025-05-20 16:36:25', 1),
(5, 'Wagner Martins', 'wagner.martins@fiocruz.br', '$2y$10$p9EFaUSrQph7nkkkYwzWp.uCvnm9b.vXVnNH1QOS8RsXt.0xEFyXO', 'usuario', '2025-05-23 12:08:31', 1),
(6, 'Picaps', 'picaps@fiocruz.br', '$2y$10$VD2msXcikHMNrwqkHu811O2ot7HtevEEyDq81pT547oepEeXS8RWe', 'usuario', '2025-05-26 18:32:37', 1),
(7, 'Jeferson', 'jeferson.castro@fiocruz.br', '$2y$10$q.Wp2PILBF5uQ7rW2DDQ9ekGE1AERAW9cVpjO.XUGKxIS0KwiM7eK', 'usuario', '2025-05-26 18:33:14', 1),
(8, 'Thiago Frinhani', 'frinhani.frinhani@gmail.com', '$2y$10$d.uP60y3kPxDMCH8vO1YCOCg/w0jIKMTaywJkbCkqncLxoDlLkTT6', 'admin', '2025-08-18 14:50:05', 1),
(9, 'Jaqueline Rico', 'jaqueline.rico@gmail.com', '$2y$10$oAqcTfpD1n3NbtyXUB0ZhuLKpdPLYkExFhBV98zc9A/9B5Xicsdky', 'admin', '2025-08-18 16:13:23', 1),
(10, 'teste', 'teste@teste', '$2y$10$jHcbSW.wnxudNkVJjnLhSOn38iPtlPp57yGz84MWOBb/K2gbZdLTi', 'admin', '2025-08-18 16:16:51', 1),
(11, 'Fabricio', 'fabricio.pereira@fiocruz.br', '$2y$10$AVb5cCNA1tDoH6YRIp8tXemvImChG5ATC.Z0t3x3p2FjDMGMCWlDm', 'admin', '2025-09-08 15:52:52', 1),
(12, 'Edward', 'edward.maia@fiocruz.br', '$2y$10$Y/kFOmtCGcyyf3JtuZ/73Oao0Vw.XD1O8VnT2EuL7rdrI/LMlr.ji', 'usuario', '2025-09-09 11:45:16', 1),
(13, 'Gaillard', 'roberta_albuquerque@bdcimail.com', '$2y$10$sP/z/24Swra/WI6ZMfdGpuiPWIijL0XxfJkrcWhoF4TB8yzjygiRC', 'usuario', '2025-11-08 17:41:49', 1),
(14, 'Gaillard', 'isobel72@hotmail.com', '$2y$10$sUYMQTr5INrgSXVRlezohe7mT5HnI9yOFEH/Q3I9j5658P3Mu4oky', 'usuario', '2025-11-08 17:41:50', 1),
(15, 'Elísio Saraiva', 'keithbarrows88@aol.com', '$2y$10$V9HD6Q9SYxyfJs1ead4OgeMtfySoG8Uw01u52Ko4d36NqmqJr2jWG', 'usuario', '2025-11-08 17:41:54', 1),
(16, 'Robert', 'tertuliano_franco@moneysquad.org', '$2y$10$dYEPSwWxjVnoloV10WUq3exVlmZKlxBId9nOs6nf/RKBE2Rn36XJu', 'usuario', '2025-11-08 21:50:44', 1),
(17, 'César Melo', 'sstokes81@yahoo.com', '$2y$10$ZwxM5FIUQkyQ0isGukun8uZZwAcfE9yXIwMg9xTw3mVMafxBVal5O', 'usuario', '2025-11-08 21:50:51', 1),
(18, 'FERNANDA MACHINER', 'fernanda.machiner@fiocruz.br', '$2y$10$zwg8Je1lEmmLNxRVylkLh.3Qps24hsObyN8XAExQ1xvRD74h/SESS', 'usuario', '2025-11-17 10:51:03', 1),
(19, 'Marcelo Souza de Jesus', 'marcelo.jesus@fiocruz.br', '$2y$10$TIwmxae4lQ2gzfOW44DxUu8XkpLJkDEs0NwaoRH7yjO17yFqX5o0S', 'usuario', '2025-12-11 11:49:38', 1);

--
-- Índices para tabelas despejadas
--

--
-- Índices de tabela `logs_auditoria`
--
ALTER TABLE `logs_auditoria`
  ADD PRIMARY KEY (`id`);

--
-- Índices de tabela `ods`
--
ALTER TABLE `ods`
  ADD PRIMARY KEY (`id`);

--
-- Índices de tabela `projetos`
--
ALTER TABLE `projetos`
  ADD PRIMARY KEY (`id`),
  ADD KEY `id_usuario` (`id_usuario`);

--
-- Índices de tabela `projetos_ods`
--
ALTER TABLE `projetos_ods`
  ADD PRIMARY KEY (`id`),
  ADD KEY `id_projeto` (`id_projeto`),
  ADD KEY `id_ods` (`id_ods`);

--
-- Índices de tabela `recuperacao_senhas`
--
ALTER TABLE `recuperacao_senhas`
  ADD PRIMARY KEY (`id`),
  ADD KEY `id_usuario` (`id_usuario`);

--
-- Índices de tabela `usuarios`
--
ALTER TABLE `usuarios`
  ADD PRIMARY KEY (`id`),
  ADD UNIQUE KEY `email` (`email`);

--
-- AUTO_INCREMENT para tabelas despejadas
--

--
-- AUTO_INCREMENT de tabela `logs_auditoria`
--
ALTER TABLE `logs_auditoria`
  MODIFY `id` int(11) NOT NULL AUTO_INCREMENT, AUTO_INCREMENT=871;

--
-- AUTO_INCREMENT de tabela `ods`
--
ALTER TABLE `ods`
  MODIFY `id` int(11) NOT NULL AUTO_INCREMENT, AUTO_INCREMENT=212;

--
-- AUTO_INCREMENT de tabela `projetos`
--
ALTER TABLE `projetos`
  MODIFY `id` int(11) NOT NULL AUTO_INCREMENT, AUTO_INCREMENT=24;

--
-- AUTO_INCREMENT de tabela `projetos_ods`
--
ALTER TABLE `projetos_ods`
  MODIFY `id` int(11) NOT NULL AUTO_INCREMENT, AUTO_INCREMENT=766;

--
-- AUTO_INCREMENT de tabela `recuperacao_senhas`
--
ALTER TABLE `recuperacao_senhas`
  MODIFY `id` int(11) NOT NULL AUTO_INCREMENT, AUTO_INCREMENT=9;

--
-- AUTO_INCREMENT de tabela `usuarios`
--
ALTER TABLE `usuarios`
  MODIFY `id` int(11) NOT NULL AUTO_INCREMENT, AUTO_INCREMENT=20;

--
-- Restrições para tabelas despejadas
--

--
-- Restrições para tabelas `projetos`
--
ALTER TABLE `projetos`
  ADD CONSTRAINT `projetos_ibfk_1` FOREIGN KEY (`id_usuario`) REFERENCES `usuarios` (`id`) ON DELETE CASCADE;

--
-- Restrições para tabelas `projetos_ods`
--
ALTER TABLE `projetos_ods`
  ADD CONSTRAINT `projetos_ods_ibfk_1` FOREIGN KEY (`id_projeto`) REFERENCES `projetos` (`id`) ON DELETE CASCADE,
  ADD CONSTRAINT `projetos_ods_ibfk_2` FOREIGN KEY (`id_ods`) REFERENCES `ods` (`id`) ON DELETE CASCADE;

--
-- Restrições para tabelas `recuperacao_senhas`
--
ALTER TABLE `recuperacao_senhas`
  ADD CONSTRAINT `recuperacao_senhas_ibfk_1` FOREIGN KEY (`id_usuario`) REFERENCES `usuarios` (`id`) ON DELETE CASCADE;
COMMIT;

/*!40101 SET CHARACTER_SET_CLIENT=@OLD_CHARACTER_SET_CLIENT */;
/*!40101 SET CHARACTER_SET_RESULTS=@OLD_CHARACTER_SET_RESULTS */;
/*!40101 SET COLLATION_CONNECTION=@OLD_COLLATION_CONNECTION */;
